index,label
29071,-1.0
1575,1.0
13361,-1.0
26622,-1.0
17226,-1.0
31767,-1.0
14949,-1.0
15642,-1.0
5469,-1.0
12254,-1.0
21306,-1.0
31037,-1.0
20715,-1.0
4987,-1.0
21393,-1.0
11329,1.0
10058,-1.0
7451,-1.0
18990,-1.0
23373,-1.0
19929,-1.0
6266,1.0
5547,-1.0
32084,-1.0
26901,-1.0
22719,-1.0
16701,-1.0
15545,-1.0
29367,1.0
17233,-1.0
26169,-1.0
19264,-1.0
18469,-1.0
4781,-1.0
21623,1.0
9385,-1.0
13583,-1.0
2923,-1.0
31895,-1.0
20601,-1.0
18101,1.0
18662,-1.0
6571,-1.0
3021,-1.0
32160,-1.0
8175,-1.0
7795,1.0
4658,-1.0
12317,-1.0
15380,-1.0
24892,-1.0
14849,-1.0
1192,-1.0
17966,-1.0
27484,1.0
101,-1.0
3719,-1.0
5224,-1.0
17308,-1.0
4489,-1.0
32100,-1.0
7299,-1.0
8331,-1.0
29386,-1.0
3301,1.0
11857,-1.0
5086,-1.0
4981,1.0
8416,1.0
6146,-1.0
15228,-1.0
22421,-1.0
26887,-1.0
22714,-1.0
17559,-1.0
10852,1.0
11428,1.0
16487,-1.0
18359,1.0
6462,1.0
10383,-1.0
29727,1.0
28695,-1.0
25730,-1.0
2032,1.0
20643,-1.0
13381,-1.0
16898,-1.0
11052,-1.0
30529,-1.0
2399,-1.0
21920,-1.0
20952,-1.0
20901,-1.0
32406,-1.0
26031,-1.0
10163,-1.0
11642,1.0
10089,1.0
20513,-1.0
18175,-1.0
2174,-1.0
3299,-1.0
2081,-1.0
31918,-1.0
1785,-1.0
10533,1.0
1324,1.0
14386,1.0
25316,-1.0
28855,1.0
18533,1.0
19633,-1.0
1525,-1.0
1062,-1.0
17010,-1.0
13728,-1.0
17784,-1.0
17304,-1.0
8444,-1.0
13800,-1.0
2650,-1.0
18498,-1.0
21852,-1.0
27080,-1.0
4468,1.0
9565,-1.0
6209,-1.0
16364,-1.0
24873,1.0
17623,-1.0
11541,-1.0
25368,-1.0
30403,-1.0
31506,-1.0
11528,-1.0
28091,1.0
20831,-1.0
10219,-1.0
1643,-1.0
16862,-1.0
28593,-1.0
9877,-1.0
4488,-1.0
24834,1.0
29604,-1.0
30047,-1.0
20088,-1.0
32463,1.0
31057,-1.0
18031,-1.0
12213,-1.0
12484,1.0
31378,-1.0
5079,-1.0
11396,1.0
28894,-1.0
4698,1.0
21469,-1.0
916,-1.0
3457,-1.0
24301,-1.0
1501,-1.0
7426,-1.0
1035,1.0
15520,-1.0
11893,-1.0
22702,-1.0
10987,-1.0
4202,-1.0
24460,1.0
8990,-1.0
8938,-1.0
9021,-1.0
17777,-1.0
13071,-1.0
15051,-1.0
26357,1.0
18488,-1.0
14544,1.0
23953,-1.0
14704,-1.0
5811,-1.0
11111,1.0
28839,-1.0
14552,-1.0
31645,-1.0
14764,1.0
7185,-1.0
29324,-1.0
23361,1.0
25854,-1.0
26468,-1.0
27273,-1.0
13097,1.0
10847,-1.0
23267,-1.0
15209,-1.0
6025,-1.0
31066,1.0
27325,-1.0
17817,-1.0
3862,1.0
23085,1.0
31630,-1.0
25026,-1.0
13620,-1.0
24923,-1.0
6115,-1.0
4283,1.0
27804,-1.0
27690,-1.0
16257,-1.0
12552,-1.0
24306,-1.0
2105,-1.0
18869,-1.0
24526,-1.0
28961,-1.0
14961,-1.0
517,-1.0
23584,-1.0
1412,-1.0
13667,-1.0
3978,-1.0
16693,1.0
32198,-1.0
21226,-1.0
31101,-1.0
29436,-1.0
24849,-1.0
7235,-1.0
24979,-1.0
2965,-1.0
2127,-1.0
17305,-1.0
19654,-1.0
9614,-1.0
2955,-1.0
16397,-1.0
14126,1.0
11844,-1.0
180,-1.0
21872,-1.0
17807,-1.0
12028,-1.0
18794,1.0
3119,-1.0
20499,-1.0
17123,-1.0
31472,-1.0
2606,-1.0
10106,-1.0
10344,-1.0
10759,-1.0
28052,-1.0
19478,-1.0
9184,-1.0
9857,-1.0
32018,-1.0
23125,-1.0
799,-1.0
11363,-1.0
12898,-1.0
16349,-1.0
4913,-1.0
24565,-1.0
24797,1.0
9753,-1.0
15425,-1.0
3617,-1.0
26041,-1.0
15683,-1.0
12441,1.0
10501,-1.0
1236,-1.0
21388,-1.0
21225,-1.0
7903,-1.0
26339,-1.0
1144,-1.0
18193,-1.0
12744,-1.0
15376,-1.0
3953,-1.0
27765,-1.0
14046,-1.0
7617,-1.0
18588,-1.0
13259,-1.0
29532,-1.0
21902,-1.0
18899,-1.0
9786,1.0
12904,-1.0
24625,-1.0
24411,-1.0
26213,1.0
13720,-1.0
31646,1.0
26407,1.0
3936,-1.0
699,-1.0
26858,-1.0
17620,-1.0
3162,1.0
27888,-1.0
12197,1.0
11423,-1.0
11041,-1.0
1829,-1.0
13852,-1.0
27263,-1.0
11807,-1.0
16382,-1.0
1239,-1.0
3351,-1.0
15389,-1.0
28542,-1.0
2903,1.0
15202,-1.0
28650,-1.0
12621,-1.0
4307,-1.0
31928,-1.0
25581,-1.0
19571,1.0
1106,-1.0
5595,-1.0
14529,-1.0
7484,-1.0
23556,1.0
22440,1.0
6550,-1.0
26331,1.0
780,-1.0
19549,-1.0
1843,-1.0
8004,-1.0
23002,-1.0
9896,-1.0
31667,-1.0
25904,1.0
19766,-1.0
20506,-1.0
9243,-1.0
20380,1.0
12864,1.0
13655,-1.0
25987,-1.0
31508,-1.0
26933,1.0
5541,-1.0
29713,-1.0
6586,-1.0
8490,-1.0
31762,-1.0
16060,-1.0
5688,-1.0
14155,1.0
1063,-1.0
19259,1.0
15491,-1.0
9434,-1.0
26030,-1.0
5882,-1.0
26289,-1.0
3066,1.0
27395,-1.0
31961,-1.0
12164,-1.0
16841,-1.0
16467,-1.0
12348,-1.0
31829,-1.0
11310,-1.0
29430,1.0
18601,-1.0
30080,-1.0
6170,1.0
16584,1.0
6992,-1.0
29385,-1.0
25200,-1.0
19402,1.0
16136,-1.0
12595,1.0
29488,-1.0
25754,-1.0
7489,-1.0
3169,-1.0
12573,-1.0
10426,-1.0
3895,-1.0
27528,-1.0
1996,1.0
9213,-1.0
27213,-1.0
16072,-1.0
12308,-1.0
3088,-1.0
26021,-1.0
10700,-1.0
5579,-1.0
28467,-1.0
22110,-1.0
8144,-1.0
28876,-1.0
31213,-1.0
7644,-1.0
12471,-1.0
11922,-1.0
23196,-1.0
13602,-1.0
20459,-1.0
13731,1.0
31099,-1.0
27166,1.0
30342,-1.0
8683,-1.0
32375,1.0
9693,-1.0
2991,-1.0
15127,1.0
15475,-1.0
25573,1.0
7671,-1.0
30701,-1.0
15725,1.0
29716,-1.0
2457,-1.0
29223,-1.0
4181,-1.0
1514,-1.0
386,-1.0
838,-1.0
20837,-1.0
23701,1.0
5596,-1.0
25717,-1.0
14182,-1.0
28688,-1.0
4958,-1.0
14256,-1.0
20630,-1.0
20111,-1.0
3478,1.0
31465,-1.0
7588,-1.0
14882,-1.0
14513,-1.0
3922,-1.0
29581,-1.0
24278,1.0
2198,-1.0
15617,-1.0
13803,-1.0
27403,-1.0
5073,-1.0
2967,-1.0
2324,-1.0
16835,-1.0
15876,-1.0
16611,-1.0
2670,-1.0
23727,-1.0
6421,-1.0
7112,-1.0
31981,1.0
9927,-1.0
14632,-1.0
22389,-1.0
6884,-1.0
3175,1.0
29394,-1.0
2896,-1.0
22350,-1.0
3449,-1.0
19861,-1.0
22506,-1.0
28539,-1.0
1786,-1.0
10016,-1.0
284,-1.0
21518,1.0
10686,-1.0
24128,1.0
28983,-1.0
22596,-1.0
2167,-1.0
6391,1.0
11551,1.0
29496,-1.0
10683,-1.0
21496,-1.0
29334,-1.0
2544,-1.0
27458,1.0
12746,-1.0
29718,-1.0
21389,-1.0
22353,-1.0
883,-1.0
19554,-1.0
32444,-1.0
20445,1.0
30847,-1.0
25314,-1.0
10174,-1.0
2898,1.0
20955,-1.0
23472,-1.0
16694,-1.0
17600,-1.0
567,1.0
28910,-1.0
15663,-1.0
4733,-1.0
13214,-1.0
16559,-1.0
20996,1.0
6545,1.0
14580,-1.0
13450,1.0
16599,-1.0
17180,1.0
13371,-1.0
11411,-1.0
14269,-1.0
11250,1.0
10420,-1.0
16670,1.0
11566,1.0
5023,1.0
20908,-1.0
15883,-1.0
20165,-1.0
16315,-1.0
3563,-1.0
26107,-1.0
2833,-1.0
15833,-1.0
6955,-1.0
17032,-1.0
10527,-1.0
28194,-1.0
20769,-1.0
9138,1.0
6138,-1.0
7277,-1.0
29940,1.0
23035,-1.0
20941,-1.0
16523,-1.0
20048,-1.0
7418,-1.0
9761,-1.0
436,-1.0
20041,-1.0
4929,-1.0
3393,-1.0
29891,-1.0
11795,-1.0
6178,-1.0
15608,1.0
28668,-1.0
2872,-1.0
30756,-1.0
4041,-1.0
12030,-1.0
14193,-1.0
9899,-1.0
25225,-1.0
27343,-1.0
18979,-1.0
5745,-1.0
4222,1.0
2047,-1.0
8197,-1.0
8662,-1.0
23202,-1.0
29674,-1.0
25474,-1.0
6450,-1.0
31325,-1.0
14273,-1.0
21946,1.0
8456,-1.0
17334,-1.0
14558,-1.0
19985,-1.0
30044,-1.0
19377,-1.0
25309,-1.0
17024,-1.0
9353,1.0
8787,-1.0
19691,-1.0
5389,-1.0
374,-1.0
10964,-1.0
10580,-1.0
19675,-1.0
10630,-1.0
4095,-1.0
22927,-1.0
18392,-1.0
30912,-1.0
6477,-1.0
7802,1.0
30556,-1.0
25895,1.0
776,1.0
23259,-1.0
22372,-1.0
6439,-1.0
22078,-1.0
19447,-1.0
212,1.0
19771,1.0
29979,-1.0
8253,1.0
3519,-1.0
3606,-1.0
22525,-1.0
5216,-1.0
10009,-1.0
4956,1.0
4669,1.0
23108,-1.0
22463,-1.0
19199,-1.0
25806,-1.0
26994,-1.0
19951,-1.0
22396,-1.0
12681,-1.0
12493,1.0
17710,-1.0
9172,-1.0
32231,-1.0
16992,-1.0
10980,-1.0
18917,-1.0
30280,-1.0
19325,-1.0
3061,-1.0
22357,-1.0
14309,1.0
781,-1.0
8915,1.0
3596,-1.0
6470,-1.0
17254,-1.0
18282,1.0
30551,-1.0
14743,-1.0
32303,1.0
2179,-1.0
18487,-1.0
3430,1.0
25370,-1.0
6676,-1.0
24734,-1.0
982,1.0
18720,-1.0
21828,-1.0
15121,-1.0
24830,-1.0
14207,-1.0
13373,-1.0
17964,-1.0
24072,-1.0
16026,-1.0
5192,1.0
30654,-1.0
26054,-1.0
5271,-1.0
28292,-1.0
18729,-1.0
6670,1.0
10872,-1.0
10639,1.0
32167,1.0
9195,-1.0
17325,-1.0
24037,-1.0
3053,-1.0
6824,-1.0
26368,-1.0
10183,-1.0
21481,1.0
10208,1.0
20143,-1.0
625,-1.0
32195,-1.0
6678,-1.0
13990,-1.0
7259,-1.0
2902,-1.0
12971,-1.0
30228,-1.0
27577,-1.0
14121,-1.0
7447,-1.0
27638,-1.0
3945,-1.0
20765,-1.0
12161,-1.0
6703,-1.0
801,-1.0
821,-1.0
11580,1.0
13131,1.0
19810,1.0
18650,-1.0
28810,1.0
15063,-1.0
10538,1.0
4684,-1.0
30421,-1.0
12541,1.0
31713,-1.0
5710,-1.0
12703,-1.0
29969,-1.0
21018,-1.0
1707,-1.0
4376,-1.0
1935,-1.0
10369,-1.0
31292,-1.0
27882,-1.0
4628,-1.0
28725,-1.0
6688,-1.0
6701,1.0
23601,-1.0
11101,-1.0
29908,-1.0
10839,-1.0
23567,-1.0
17095,-1.0
28193,-1.0
24757,-1.0
14436,1.0
28682,-1.0
12038,1.0
14745,-1.0
29841,1.0
16345,-1.0
31585,-1.0
2730,-1.0
17564,-1.0
23041,-1.0
24148,-1.0
4947,-1.0
19525,-1.0
12010,-1.0
19231,-1.0
3141,-1.0
1717,-1.0
18129,-1.0
30650,1.0
15987,-1.0
9451,-1.0
992,-1.0
14626,-1.0
25343,-1.0
13609,-1.0
15068,-1.0
30939,-1.0
20578,-1.0
23571,-1.0
16954,-1.0
27319,-1.0
7013,-1.0
25329,-1.0
3337,-1.0
3465,-1.0
21039,-1.0
30015,-1.0
17612,-1.0
12391,1.0
10059,-1.0
22359,1.0
8887,-1.0
21193,-1.0
4126,-1.0
27452,-1.0
16741,-1.0
14000,-1.0
3891,-1.0
15579,-1.0
14964,-1.0
8674,1.0
16644,-1.0
21246,1.0
7793,-1.0
23278,-1.0
125,-1.0
1398,-1.0
3009,-1.0
18170,-1.0
1695,-1.0
18624,1.0
19195,-1.0
30958,-1.0
30856,-1.0
8868,-1.0
25971,-1.0
12698,-1.0
24593,-1.0
23086,-1.0
612,-1.0
8344,-1.0
26941,-1.0
4029,-1.0
8059,-1.0
31718,-1.0
3683,-1.0
4067,1.0
13846,-1.0
23825,1.0
21250,-1.0
30989,1.0
9945,1.0
1074,-1.0
23656,-1.0
8301,-1.0
11771,-1.0
5982,-1.0
773,-1.0
26409,1.0
1008,-1.0
9082,-1.0
18773,-1.0
23682,-1.0
14348,-1.0
31487,-1.0
2813,-1.0
24027,1.0
5352,-1.0
15230,1.0
4422,-1.0
17393,-1.0
19283,-1.0
10816,1.0
15461,-1.0
522,-1.0
14467,-1.0
16245,-1.0
16427,-1.0
23063,-1.0
20546,1.0
28478,-1.0
14383,-1.0
30478,-1.0
11571,-1.0
4254,-1.0
14823,-1.0
30917,-1.0
6293,-1.0
26375,-1.0
13244,-1.0
28005,-1.0
27249,-1.0
24455,-1.0
3085,-1.0
4800,1.0
22446,-1.0
15466,-1.0
31197,-1.0
25740,1.0
1556,-1.0
1760,-1.0
13564,-1.0
17343,-1.0
17506,-1.0
28652,1.0
1822,-1.0
4662,1.0
32126,-1.0
23694,-1.0
18889,-1.0
27960,-1.0
5307,-1.0
29477,-1.0
12736,-1.0
3691,-1.0
20822,-1.0
14831,-1.0
17096,-1.0
11190,-1.0
10982,-1.0
7756,-1.0
30142,1.0
16230,-1.0
26034,-1.0
2612,-1.0
12603,-1.0
16892,-1.0
3462,-1.0
9464,-1.0
18852,-1.0
1491,-1.0
3645,-1.0
10510,-1.0
5179,-1.0
26267,-1.0
26083,-1.0
2732,-1.0
16918,-1.0
10330,-1.0
15859,-1.0
6324,1.0
18700,-1.0
25450,-1.0
24412,-1.0
26077,1.0
25925,-1.0
9269,-1.0
29190,-1.0
4227,-1.0
32263,-1.0
30946,-1.0
23315,-1.0
28683,1.0
7054,-1.0
9048,-1.0
23939,-1.0
13913,-1.0
15810,-1.0
1343,-1.0
22605,1.0
13590,-1.0
25881,-1.0
6396,1.0
12455,1.0
1672,-1.0
460,-1.0
19512,-1.0
7210,1.0
16351,-1.0
5175,-1.0
14114,-1.0
14790,-1.0
4117,1.0
25319,-1.0
22495,-1.0
29735,-1.0
18751,-1.0
13187,-1.0
22121,-1.0
19449,-1.0
6575,-1.0
390,-1.0
25738,-1.0
24637,-1.0
8251,-1.0
22243,-1.0
17916,-1.0
31005,-1.0
12396,-1.0
10478,1.0
29924,1.0
4370,-1.0
1958,-1.0
26270,-1.0
11486,-1.0
21424,-1.0
13644,-1.0
31147,-1.0
28495,1.0
30788,-1.0
17541,-1.0
2875,-1.0
26391,-1.0
7858,-1.0
27281,1.0
18006,1.0
15930,-1.0
23999,-1.0
9806,-1.0
27987,-1.0
24882,-1.0
30347,-1.0
9436,1.0
28915,-1.0
27389,-1.0
17975,-1.0
9726,-1.0
25245,-1.0
25549,-1.0
27881,-1.0
18602,-1.0
21598,-1.0
2184,-1.0
10664,1.0
20037,-1.0
15194,-1.0
30918,-1.0
7838,-1.0
28139,-1.0
21634,-1.0
22424,-1.0
10914,1.0
2329,-1.0
17222,1.0
9223,-1.0
28117,-1.0
20309,1.0
19119,-1.0
30268,-1.0
29263,-1.0
23519,-1.0
26242,-1.0
31946,-1.0
19121,-1.0
29276,-1.0
3035,-1.0
1176,-1.0
20853,1.0
29265,-1.0
32337,-1.0
10248,1.0
19821,1.0
5083,-1.0
26099,-1.0
11863,-1.0
18525,1.0
10991,1.0
29017,1.0
19741,-1.0
994,-1.0
16787,-1.0
18451,-1.0
18526,-1.0
31469,-1.0
26234,-1.0
15123,-1.0
20353,-1.0
30170,-1.0
8188,-1.0
9320,-1.0
24624,-1.0
3972,-1.0
26765,-1.0
6408,-1.0
5138,-1.0
29451,-1.0
30094,-1.0
1900,1.0
6501,1.0
10911,-1.0
18209,-1.0
2667,-1.0
15323,1.0
21325,-1.0
27980,-1.0
20341,1.0
6933,-1.0
25264,-1.0
31651,-1.0
1274,-1.0
21073,-1.0
32079,-1.0
20787,-1.0
7581,-1.0
6348,-1.0
22210,-1.0
13337,-1.0
3409,-1.0
9537,-1.0
549,-1.0
32012,-1.0
12957,-1.0
11991,1.0
5816,1.0
14865,-1.0
3069,-1.0
8875,-1.0
3993,1.0
5560,-1.0
24345,-1.0
28630,-1.0
2489,-1.0
22180,-1.0
704,-1.0
30305,-1.0
32262,1.0
2543,-1.0
31070,-1.0
27152,-1.0
31184,-1.0
29943,-1.0
2006,-1.0
2454,-1.0
31931,-1.0
29120,1.0
30608,-1.0
11865,-1.0
28847,-1.0
20235,-1.0
32295,1.0
29790,-1.0
32512,-1.0
520,-1.0
14658,-1.0
10437,1.0
13896,-1.0
8464,-1.0
22730,-1.0
13081,-1.0
7523,-1.0
27476,1.0
25510,1.0
207,-1.0
21291,-1.0
10890,-1.0
20570,-1.0
9466,-1.0
22787,-1.0
7381,1.0
7408,-1.0
27818,-1.0
23562,-1.0
8284,-1.0
19314,-1.0
6403,1.0
6316,-1.0
30899,1.0
6789,-1.0
18604,-1.0
19323,-1.0
24304,1.0
31580,-1.0
4128,-1.0
22410,-1.0
6844,-1.0
18463,-1.0
9053,-1.0
3539,1.0
16339,-1.0
24689,-1.0
1057,-1.0
9790,-1.0
31033,-1.0
31978,1.0
7035,-1.0
6828,-1.0
16312,-1.0
9502,-1.0
8340,-1.0
3240,-1.0
21779,1.0
1519,1.0
26427,1.0
28786,-1.0
2148,-1.0
9549,-1.0
16575,-1.0
3538,-1.0
13998,-1.0
24919,-1.0
8334,-1.0
26889,-1.0
7231,-1.0
25848,-1.0
27835,-1.0
3649,-1.0
2109,-1.0
17789,-1.0
23529,-1.0
26367,-1.0
13555,1.0
11827,-1.0
2119,1.0
23779,-1.0
14435,-1.0
6664,-1.0
18389,-1.0
17599,-1.0
19616,-1.0
23295,-1.0
9112,-1.0
14258,-1.0
22595,-1.0
19013,-1.0
29337,-1.0
4577,-1.0
25999,-1.0
17914,-1.0
28186,-1.0
32031,1.0
20240,-1.0
9809,-1.0
18093,-1.0
25572,1.0
13690,-1.0
1134,1.0
28483,-1.0
20376,-1.0
495,-1.0
10197,-1.0
28341,-1.0
20545,1.0
24926,-1.0
28886,-1.0
8944,1.0
11989,-1.0
1665,-1.0
22985,-1.0
5089,-1.0
17249,-1.0
31208,1.0
2744,-1.0
8803,-1.0
2379,-1.0
28114,-1.0
11733,-1.0
217,1.0
8957,-1.0
13099,-1.0
6383,-1.0
31399,-1.0
31649,-1.0
12160,-1.0
1619,1.0
21401,-1.0
31187,-1.0
23547,-1.0
12518,1.0
5545,1.0
23439,-1.0
5968,-1.0
5485,1.0
3979,1.0
4674,-1.0
24370,1.0
11475,-1.0
28974,-1.0
4895,-1.0
29689,-1.0
22782,-1.0
3587,-1.0
23696,-1.0
5658,-1.0
17241,-1.0
2160,-1.0
7837,-1.0
27038,-1.0
31268,-1.0
30182,-1.0
20187,-1.0
7583,-1.0
25560,-1.0
27754,-1.0
27946,-1.0
2586,-1.0
9767,-1.0
30088,-1.0
9890,-1.0
23471,1.0
17333,1.0
13749,1.0
32120,-1.0
7942,-1.0
18589,1.0
333,-1.0
17576,-1.0
31488,-1.0
26149,-1.0
12384,1.0
9801,-1.0
14808,1.0
10359,1.0
24097,-1.0
11881,-1.0
5254,1.0
10143,-1.0
24627,-1.0
11518,-1.0
2153,-1.0
18076,1.0
21430,-1.0
6171,-1.0
16880,-1.0
27262,-1.0
11043,-1.0
26750,-1.0
24239,-1.0
31481,-1.0
32346,-1.0
22181,-1.0
5870,-1.0
28359,1.0
18803,1.0
4103,-1.0
21024,1.0
13404,1.0
30454,1.0
2750,-1.0
4098,-1.0
16755,-1.0
23386,-1.0
10296,-1.0
7040,-1.0
32328,-1.0
21905,1.0
30128,-1.0
29776,-1.0
18047,1.0
9610,-1.0
30808,-1.0
27831,-1.0
12367,-1.0
26064,1.0
27784,-1.0
20805,-1.0
8559,1.0
28388,1.0
24801,-1.0
16686,-1.0
611,-1.0
9207,-1.0
1790,-1.0
6057,1.0
13685,-1.0
14770,-1.0
23195,1.0
18243,-1.0
22475,-1.0
26384,-1.0
25716,-1.0
8111,-1.0
28656,1.0
16576,-1.0
13441,-1.0
31352,-1.0
7219,1.0
20265,-1.0
14569,-1.0
13691,-1.0
14664,-1.0
10310,-1.0
26496,1.0
5638,-1.0
1990,-1.0
5798,-1.0
7037,-1.0
2421,-1.0
31670,-1.0
10114,-1.0
30136,-1.0
30227,-1.0
25378,-1.0
15985,-1.0
19063,1.0
24752,-1.0
23559,1.0
30261,1.0
28062,-1.0
8574,-1.0
794,-1.0
21307,1.0
14656,-1.0
19839,-1.0
30668,-1.0
10214,-1.0
20957,-1.0
5779,1.0
12664,-1.0
2271,1.0
13506,-1.0
10795,-1.0
25322,-1.0
11876,-1.0
14638,-1.0
8293,-1.0
22458,-1.0
19258,-1.0
16875,1.0
28042,-1.0
9043,-1.0
32224,-1.0
24802,-1.0
13344,-1.0
3159,-1.0
31867,-1.0
22566,-1.0
6243,-1.0
26300,-1.0
18963,-1.0
20430,1.0
24965,-1.0
7419,-1.0
17672,-1.0
22211,-1.0
779,-1.0
26945,1.0
20042,-1.0
10212,-1.0
12716,-1.0
28276,1.0
17877,-1.0
27822,-1.0
5482,-1.0
8124,1.0
13364,-1.0
21167,-1.0
18646,-1.0
22960,1.0
27367,-1.0
4616,-1.0
4104,1.0
16574,-1.0
31835,-1.0
1762,1.0
13078,-1.0
23445,-1.0
19132,-1.0
2792,-1.0
12647,-1.0
9040,-1.0
18444,-1.0
16036,-1.0
16185,-1.0
2867,-1.0
289,-1.0
18338,-1.0
4218,1.0
10881,-1.0
25173,-1.0
24001,-1.0
23154,1.0
26947,1.0
22884,1.0
13225,1.0
15276,-1.0
1524,-1.0
21816,-1.0
29072,-1.0
3065,-1.0
576,-1.0
12480,-1.0
131,1.0
12489,-1.0
4201,-1.0
31120,-1.0
31288,1.0
13710,-1.0
21303,1.0
25871,1.0
13773,-1.0
19796,-1.0
25580,-1.0
31139,-1.0
25124,1.0
2493,-1.0
17870,-1.0
12009,-1.0
9208,-1.0
9067,1.0
12047,-1.0
23948,-1.0
32106,-1.0
7835,-1.0
23134,-1.0
22437,-1.0
31306,-1.0
29896,-1.0
10213,-1.0
17481,-1.0
17901,-1.0
18668,-1.0
12553,-1.0
22096,1.0
7473,-1.0
17961,-1.0
7177,-1.0
3179,-1.0
2904,-1.0
27354,-1.0
8827,-1.0
11484,-1.0
9672,1.0
10092,-1.0
25136,-1.0
2487,-1.0
16891,-1.0
382,-1.0
12558,1.0
2545,-1.0
26025,-1.0
11896,1.0
8033,-1.0
15234,-1.0
13035,-1.0
5892,-1.0
26195,-1.0
1993,-1.0
28744,-1.0
9210,-1.0
19152,-1.0
23920,-1.0
21730,1.0
31888,-1.0
5219,-1.0
13100,1.0
30565,-1.0
25551,-1.0
1869,-1.0
10249,-1.0
4782,1.0
15243,-1.0
21843,-1.0
29530,-1.0
18158,1.0
20880,-1.0
4151,1.0
24764,-1.0
2877,-1.0
15186,-1.0
28694,-1.0
21050,-1.0
1283,-1.0
31858,-1.0
1924,-1.0
15803,-1.0
3892,-1.0
12982,-1.0
14669,-1.0
4189,-1.0
31950,-1.0
16285,-1.0
18518,1.0
5830,1.0
22554,-1.0
11170,-1.0
5661,-1.0
2717,-1.0
30008,-1.0
12747,-1.0
1108,-1.0
26652,-1.0
10407,-1.0
1458,-1.0
30141,-1.0
24328,1.0
27420,-1.0
12683,-1.0
18418,-1.0
17847,-1.0
18033,-1.0
23693,1.0
8276,-1.0
25189,-1.0
15559,-1.0
21552,-1.0
26864,-1.0
3749,1.0
30387,-1.0
10703,1.0
8903,-1.0
5097,1.0
14027,-1.0
7498,-1.0
9639,-1.0
384,-1.0
20361,1.0
7856,-1.0
25684,-1.0
3559,-1.0
17262,-1.0
22423,-1.0
18998,-1.0
24622,1.0
31044,-1.0
2528,-1.0
21752,1.0
24896,1.0
24836,1.0
6258,-1.0
13378,-1.0
2068,-1.0
20224,-1.0
24714,1.0
1061,1.0
8620,-1.0
23697,-1.0
12237,-1.0
28619,-1.0
16405,-1.0
12523,-1.0
31483,-1.0
7519,-1.0
5336,-1.0
25459,-1.0
25100,-1.0
17523,-1.0
30720,1.0
23563,-1.0
135,1.0
18256,-1.0
14024,1.0
8163,1.0
2988,-1.0
22070,-1.0
23994,-1.0
17266,-1.0
9404,-1.0
2342,-1.0
31319,-1.0
28925,-1.0
29092,1.0
17793,-1.0
8388,1.0
14545,-1.0
16904,-1.0
19923,1.0
16664,1.0
2260,-1.0
6095,-1.0
19498,1.0
1992,1.0
1332,-1.0
7355,-1.0
14412,-1.0
13221,1.0
3616,-1.0
17691,-1.0
30835,1.0
29999,-1.0
5090,-1.0
29561,-1.0
21446,-1.0
306,-1.0
25145,-1.0
7067,-1.0
25755,-1.0
1733,-1.0
11012,-1.0
13460,1.0
21118,-1.0
11145,-1.0
26302,1.0
5728,1.0
13512,-1.0
13032,-1.0
13868,-1.0
2836,-1.0
15609,-1.0
3098,-1.0
855,-1.0
27071,-1.0
9955,-1.0
13832,-1.0
10750,-1.0
24315,-1.0
6152,-1.0
3070,1.0
24807,-1.0
22012,1.0
15942,-1.0
23079,-1.0
18043,-1.0
26727,-1.0
23532,-1.0
19743,-1.0
12534,-1.0
8753,1.0
29971,-1.0
15233,-1.0
3951,-1.0
27969,-1.0
1750,-1.0
550,1.0
28318,-1.0
16913,-1.0
25604,-1.0
26136,-1.0
9465,1.0
26683,1.0
28573,-1.0
24683,-1.0
13550,1.0
31765,-1.0
12409,-1.0
18558,-1.0
16223,-1.0
9996,-1.0
13132,-1.0
10762,-1.0
6238,1.0
18699,-1.0
22220,-1.0
11796,-1.0
27618,-1.0
7640,-1.0
8358,1.0
13452,-1.0
29650,-1.0
32486,-1.0
17288,-1.0
9202,1.0
1706,-1.0
9768,-1.0
11750,-1.0
2008,1.0
20180,-1.0
22125,-1.0
4515,-1.0
3886,-1.0
3487,-1.0
25217,-1.0
30408,-1.0
25452,-1.0
25952,-1.0
29808,-1.0
2308,-1.0
8143,-1.0
30145,-1.0
4970,-1.0
4873,-1.0
26032,-1.0
5486,-1.0
14135,-1.0
1637,1.0
30604,-1.0
24812,-1.0
5586,1.0
13619,1.0
14590,-1.0
3722,-1.0
17452,-1.0
30253,-1.0
14895,-1.0
7555,-1.0
16239,-1.0
21893,-1.0
19187,-1.0
17786,-1.0
1708,-1.0
30430,1.0
26903,-1.0
5202,-1.0
10781,-1.0
25347,-1.0
21540,-1.0
4543,-1.0
19168,-1.0
24876,-1.0
10051,1.0
20325,-1.0
24721,1.0
19040,-1.0
28726,-1.0
28540,1.0
9782,1.0
13155,-1.0
21820,1.0
792,-1.0
27695,-1.0
8699,-1.0
18238,-1.0
6714,-1.0
3607,-1.0
21074,-1.0
29220,-1.0
32400,-1.0
1265,1.0
31354,-1.0
571,-1.0
4112,1.0
22630,-1.0
6937,1.0
6905,-1.0
7138,-1.0
3275,-1.0
5642,-1.0
11517,-1.0
8648,1.0
7877,1.0
9506,-1.0
9405,-1.0
26574,-1.0
12246,-1.0
29823,1.0
27112,-1.0
3725,-1.0
22876,-1.0
18548,-1.0
28337,-1.0
14931,-1.0
796,-1.0
11122,1.0
22154,-1.0
27440,-1.0
7688,-1.0
6587,-1.0
20044,1.0
16673,-1.0
16425,-1.0
28150,-1.0
3636,-1.0
6464,1.0
16675,-1.0
20014,-1.0
32523,-1.0
12593,-1.0
29954,-1.0
13992,-1.0
12951,-1.0
984,-1.0
18153,-1.0
27283,-1.0
19109,-1.0
30502,-1.0
872,-1.0
19655,-1.0
26593,-1.0
14354,-1.0
507,-1.0
9963,-1.0
17136,-1.0
6375,-1.0
27416,-1.0
27849,-1.0
23791,-1.0
2672,-1.0
24307,-1.0
4542,-1.0
20277,-1.0
24431,-1.0
27134,-1.0
32092,-1.0
25958,1.0
3516,-1.0
24759,-1.0
1233,-1.0
23713,-1.0
30991,-1.0
7248,-1.0
7747,-1.0
19857,-1.0
3612,-1.0
17068,-1.0
23576,-1.0
22623,1.0
21922,1.0
19610,-1.0
17360,-1.0
29448,-1.0
2009,-1.0
27392,-1.0
18287,-1.0
21274,-1.0
4050,1.0
24039,-1.0
25995,1.0
31939,-1.0
6156,-1.0
14789,-1.0
7800,-1.0
9454,-1.0
10555,-1.0
19707,-1.0
11672,-1.0
30209,-1.0
23094,-1.0
2731,-1.0
6734,-1.0
27307,-1.0
11504,1.0
6076,-1.0
15616,-1.0
19604,-1.0
24698,-1.0
10493,-1.0
3580,-1.0
28122,-1.0
3336,-1.0
20425,-1.0
23089,-1.0
26660,-1.0
31240,-1.0
3280,-1.0
12728,-1.0
25599,-1.0
2446,1.0
27496,-1.0
30340,1.0
6480,-1.0
28971,-1.0
8012,1.0
14194,1.0
22713,-1.0
2255,-1.0
5576,-1.0
14804,-1.0
22141,-1.0
1595,-1.0
22419,-1.0
4898,-1.0
20673,1.0
25285,-1.0
4135,-1.0
9220,-1.0
6895,-1.0
17025,-1.0
14683,-1.0
19595,-1.0
18075,-1.0
31468,-1.0
17678,-1.0
15363,-1.0
11211,1.0
9661,-1.0
1402,1.0
17824,1.0
23192,-1.0
29424,-1.0
7496,-1.0
96,-1.0
2708,-1.0
24686,-1.0
22666,-1.0
7656,1.0
10280,-1.0
8746,-1.0
26610,-1.0
9743,-1.0
18884,-1.0
21772,-1.0
6321,-1.0
7888,-1.0
8811,1.0
30203,-1.0
27963,-1.0
4523,-1.0
22694,-1.0
10323,-1.0
15349,1.0
28055,-1.0
16095,1.0
1092,-1.0
5147,-1.0
5387,-1.0
25821,-1.0
13245,-1.0
24257,-1.0
30649,-1.0
20068,-1.0
17572,-1.0
11412,-1.0
23420,-1.0
31909,1.0
1837,-1.0
21537,-1.0
6630,-1.0
31806,-1.0
9190,-1.0
21504,-1.0
10235,-1.0
25315,-1.0
24071,-1.0
17301,-1.0
13375,-1.0
28858,1.0
29814,-1.0
10216,-1.0
5383,-1.0
19625,-1.0
3232,-1.0
7803,-1.0
32421,-1.0
3777,-1.0
31916,-1.0
23255,-1.0
25331,-1.0
8038,-1.0
31822,-1.0
12995,1.0
27620,-1.0
17086,-1.0
28641,-1.0
18849,-1.0
23914,-1.0
25934,-1.0
6182,-1.0
16272,-1.0
17453,1.0
23151,-1.0
58,1.0
19528,-1.0
15036,-1.0
30789,1.0
22352,-1.0
6834,1.0
17675,1.0
19763,-1.0
20729,-1.0
11526,-1.0
5572,-1.0
16401,-1.0
20989,-1.0
30063,-1.0
2298,1.0
12019,-1.0
25388,-1.0
616,-1.0
31991,-1.0
16820,-1.0
11225,-1.0
27509,1.0
13833,-1.0
26991,-1.0
32070,-1.0
8060,-1.0
12969,-1.0
17269,1.0
31265,-1.0
31683,-1.0
2151,-1.0
6474,-1.0
15901,-1.0
6827,-1.0
24361,-1.0
11737,-1.0
5999,-1.0
16137,1.0
9923,1.0
4392,1.0
12851,-1.0
7490,1.0
541,-1.0
30152,-1.0
17437,-1.0
21908,-1.0
7630,-1.0
14456,-1.0
1550,-1.0
22233,-1.0
26343,-1.0
32305,-1.0
30557,-1.0
30236,-1.0
18102,-1.0
26105,-1.0
879,-1.0
29347,-1.0
6493,-1.0
8713,-1.0
16473,-1.0
19909,-1.0
15397,-1.0
4297,-1.0
21116,-1.0
8971,1.0
657,-1.0
31624,-1.0
1896,1.0
27718,-1.0
20372,-1.0
17290,-1.0
6518,-1.0
19705,1.0
23649,-1.0
20527,1.0
18311,-1.0
29854,-1.0
15852,-1.0
21215,-1.0
9731,-1.0
24051,-1.0
3822,-1.0
5440,1.0
29509,-1.0
29585,-1.0
14120,-1.0
4408,-1.0
10570,-1.0
26078,-1.0
28147,-1.0
29203,1.0
30922,-1.0
18010,-1.0
10617,-1.0
29855,-1.0
5696,-1.0
6533,-1.0
19499,-1.0
22111,-1.0
6055,-1.0
5287,-1.0
15135,1.0
28567,-1.0
29769,-1.0
28266,1.0
5633,1.0
8233,-1.0
7443,-1.0
18681,-1.0
22038,-1.0
19955,-1.0
11850,1.0
15700,-1.0
18410,-1.0
21747,-1.0
27727,1.0
9340,-1.0
28939,-1.0
662,-1.0
22469,-1.0
29526,-1.0
13663,-1.0
27294,-1.0
18362,-1.0
21686,-1.0
29445,-1.0
13740,-1.0
28229,-1.0
10473,-1.0
7000,-1.0
4807,-1.0
4282,-1.0
24684,1.0
30363,1.0
27953,-1.0
28933,-1.0
15983,-1.0
1190,1.0
20675,-1.0
27983,-1.0
22903,1.0
2328,1.0
11444,-1.0
17544,-1.0
13306,-1.0
14673,-1.0
2531,1.0
13332,-1.0
6570,-1.0
9115,-1.0
9833,1.0
21989,-1.0
27857,1.0
16737,-1.0
7570,-1.0
10015,-1.0
25706,-1.0
16078,-1.0
5852,-1.0
29965,1.0
18724,1.0
26751,1.0
31860,-1.0
30968,-1.0
26975,1.0
29861,-1.0
1649,-1.0
37,-1.0
32204,-1.0
12654,-1.0
18864,-1.0
17057,1.0
19376,-1.0
16654,-1.0
3099,-1.0
239,-1.0
14904,-1.0
11632,-1.0
19379,-1.0
8121,-1.0
19630,-1.0
1359,-1.0
24950,-1.0
10835,1.0
31669,-1.0
11365,-1.0
14567,-1.0
20881,-1.0
23101,-1.0
10227,-1.0
21916,-1.0
27073,-1.0
4034,-1.0
12200,-1.0
26279,-1.0
23711,-1.0
9495,1.0
2878,-1.0
21653,-1.0
32121,-1.0
27428,-1.0
3213,-1.0
685,-1.0
3690,-1.0
31313,1.0
2538,-1.0
14533,-1.0
7004,-1.0
9977,-1.0
12051,-1.0
10449,-1.0
14825,-1.0
1590,-1.0
18283,-1.0
6199,-1.0
27702,-1.0
22602,-1.0
6165,-1.0
24856,1.0
22054,-1.0
2085,-1.0
27742,-1.0
16508,-1.0
6315,-1.0
10048,1.0
1721,-1.0
15260,1.0
22749,-1.0
22186,-1.0
25623,-1.0
1626,-1.0
14470,-1.0
28327,-1.0
28165,-1.0
27798,-1.0
2905,1.0
11006,-1.0
8810,-1.0
17651,-1.0
859,-1.0
28335,-1.0
27559,-1.0
10173,-1.0
8890,-1.0
2303,-1.0
6668,-1.0
16186,-1.0
1212,-1.0
17934,-1.0
7201,-1.0
12193,-1.0
25293,-1.0
19173,-1.0
31405,-1.0
20105,1.0
31260,1.0
26826,-1.0
30438,-1.0
16282,1.0
27081,1.0
11938,-1.0
28235,-1.0
649,-1.0
10544,1.0
3927,-1.0
19795,-1.0
24600,-1.0
16999,-1.0
20157,-1.0
16570,-1.0
13305,-1.0
10807,-1.0
30609,-1.0
29633,1.0
3532,-1.0
21153,-1.0
5154,-1.0
12105,-1.0
30461,-1.0
2619,-1.0
23212,-1.0
24953,-1.0
32477,1.0
14205,-1.0
22804,-1.0
18344,-1.0
1390,-1.0
30339,-1.0
14697,-1.0
28074,-1.0
7557,-1.0
21885,-1.0
16791,-1.0
2873,-1.0
11785,-1.0
21784,-1.0
15317,-1.0
14655,-1.0
1691,-1.0
6299,-1.0
798,-1.0
19067,-1.0
8385,-1.0
24794,-1.0
14707,-1.0
13161,-1.0
11151,-1.0
1421,1.0
19836,-1.0
10743,-1.0
31019,-1.0
27889,1.0
17995,-1.0
20315,1.0
1646,-1.0
15631,-1.0
8073,-1.0
28168,-1.0
6065,-1.0
4585,-1.0
19088,-1.0
32214,-1.0
25671,-1.0
28790,-1.0
4779,-1.0
28173,-1.0
10668,1.0
9331,-1.0
24889,-1.0
13360,-1.0
28214,-1.0
23628,1.0
24396,-1.0
25710,-1.0
2766,-1.0
26535,-1.0
7969,-1.0
5064,-1.0
26972,-1.0
16911,1.0
24279,-1.0
8904,-1.0
27868,-1.0
29686,-1.0
9771,-1.0
27469,-1.0
18905,-1.0
5213,-1.0
20056,-1.0
26153,-1.0
25240,1.0
6576,-1.0
18196,1.0
15344,-1.0
13922,-1.0
10679,1.0
26247,-1.0
13582,-1.0
6687,-1.0
30744,-1.0
4115,-1.0
5409,-1.0
16106,-1.0
18579,-1.0
6252,1.0
22989,-1.0
8774,1.0
28202,-1.0
8064,-1.0
24284,-1.0
20819,-1.0
27895,-1.0
3680,1.0
8014,-1.0
11841,-1.0
16479,-1.0
27044,-1.0
15956,-1.0
1922,-1.0
10899,1.0
6699,-1.0
10316,-1.0
3408,-1.0
19400,-1.0
30836,-1.0
367,-1.0
24330,-1.0
14948,-1.0
11903,-1.0
18391,1.0
24800,1.0
25091,-1.0
9721,1.0
5563,-1.0
32101,-1.0
11531,-1.0
26229,-1.0
10672,-1.0
25278,-1.0
9530,-1.0
6135,1.0
3043,-1.0
13256,1.0
26320,-1.0
13106,-1.0
8819,-1.0
27955,-1.0
20371,-1.0
4260,-1.0
105,-1.0
14531,-1.0
12697,-1.0
12339,-1.0
30630,-1.0
15021,-1.0
6843,-1.0
15078,-1.0
30426,1.0
5899,-1.0
27896,-1.0
3058,-1.0
24062,-1.0
21433,-1.0
18694,-1.0
12162,-1.0
4799,-1.0
1939,-1.0
5764,-1.0
15595,1.0
24319,-1.0
30069,-1.0
22035,-1.0
6409,-1.0
29150,-1.0
7642,-1.0
27698,-1.0
27375,-1.0
15981,-1.0
26613,-1.0
25836,-1.0
30441,-1.0
12159,-1.0
31369,-1.0
29035,1.0
22411,-1.0
31051,-1.0
13261,-1.0
31987,-1.0
16130,-1.0
12674,-1.0
22655,-1.0
4018,-1.0
4374,-1.0
22093,1.0
20226,1.0
8090,-1.0
194,1.0
22613,1.0
160,-1.0
23622,-1.0
25422,-1.0
15637,-1.0
24409,-1.0
14030,-1.0
7508,-1.0
5497,-1.0
4635,1.0
6838,-1.0
10363,-1.0
13918,-1.0
331,1.0
29319,-1.0
10837,-1.0
25,-1.0
22124,-1.0
20228,1.0
28842,-1.0
23454,1.0
11483,1.0
20671,-1.0
14729,1.0
28326,1.0
7594,-1.0
1403,-1.0
15563,-1.0
16826,1.0
2700,-1.0
2799,-1.0
26601,1.0
21793,-1.0
19772,-1.0
7873,1.0
14335,-1.0
30320,-1.0
4146,-1.0
26552,-1.0
20181,-1.0
23767,1.0
1253,-1.0
29521,-1.0
28835,-1.0
3079,-1.0
30561,-1.0
31383,1.0
29580,-1.0
17181,1.0
17657,-1.0
29842,-1.0
28902,-1.0
11597,-1.0
24137,-1.0
23572,1.0
5102,1.0
546,1.0
10648,1.0
5262,-1.0
1449,1.0
26235,-1.0
5365,-1.0
17981,-1.0
3706,-1.0
9655,-1.0
28703,-1.0
27261,-1.0
18149,-1.0
2841,-1.0
16606,1.0
13784,-1.0
17076,-1.0
6040,1.0
18361,-1.0
10111,-1.0
9217,-1.0
19618,1.0
23045,1.0
22729,-1.0
22826,-1.0
14112,-1.0
4280,1.0
20272,-1.0
20963,1.0
31599,-1.0
265,-1.0
22214,-1.0
11577,-1.0
762,-1.0
23364,-1.0
3423,1.0
14686,1.0
5467,-1.0
14783,-1.0
22444,-1.0
9545,1.0
15834,-1.0
5903,-1.0
26508,-1.0
10203,-1.0
18505,-1.0
16615,-1.0
28801,-1.0
23784,-1.0
27479,-1.0
31700,-1.0
19085,-1.0
19194,-1.0
14322,-1.0
27223,-1.0
15064,-1.0
21819,-1.0
7776,1.0
18087,-1.0
32096,-1.0
17043,-1.0
5113,-1.0
9372,-1.0
17244,-1.0
28089,-1.0
18691,1.0
19887,-1.0
29185,-1.0
430,-1.0
30190,-1.0
1681,-1.0
30957,-1.0
7867,-1.0
27096,-1.0
19098,1.0
28611,-1.0
17275,1.0
32280,-1.0
21337,1.0
3123,-1.0
16838,-1.0
11132,-1.0
2055,-1.0
24325,-1.0
30601,-1.0
10126,-1.0
18187,-1.0
5620,-1.0
8715,-1.0
23818,-1.0
20104,1.0
4739,-1.0
25178,-1.0
26259,-1.0
8039,-1.0
17161,-1.0
25184,1.0
24064,-1.0
29040,1.0
12952,-1.0
21299,-1.0
15208,1.0
14199,-1.0
24738,-1.0
2858,-1.0
19060,-1.0
5461,1.0
2592,-1.0
21859,-1.0
25495,-1.0
25410,-1.0
2158,-1.0
3221,1.0
26664,-1.0
22285,-1.0
19809,1.0
8972,-1.0
19209,-1.0
20333,-1.0
19573,-1.0
28802,1.0
27572,-1.0
26874,-1.0
25003,-1.0
12760,1.0
30381,-1.0
31002,1.0
24294,-1.0
3760,-1.0
18916,-1.0
24026,-1.0
5819,1.0
5981,1.0
7609,1.0
5111,-1.0
22252,-1.0
6058,-1.0
11843,-1.0
3743,-1.0
23433,1.0
24201,1.0
19790,-1.0
27290,1.0
13746,-1.0
18394,-1.0
25609,-1.0
25986,-1.0
3737,1.0
12424,-1.0
28870,1.0
27109,-1.0
26336,-1.0
20101,-1.0
30066,1.0
25931,1.0
926,-1.0
2499,1.0
3230,-1.0
23525,-1.0
15758,-1.0
463,-1.0
25106,-1.0
24427,-1.0
23342,-1.0
26382,1.0
12011,-1.0
6411,1.0
31968,-1.0
9263,-1.0
21588,-1.0
11707,-1.0
20934,-1.0
4682,-1.0
21761,-1.0
14078,-1.0
3660,-1.0
14081,1.0
8362,-1.0
30881,-1.0
22545,-1.0
30677,-1.0
15128,-1.0
5310,1.0
4604,1.0
20656,-1.0
10562,-1.0
11910,1.0
30125,1.0
30102,-1.0
8295,-1.0
2887,-1.0
5920,-1.0
26927,-1.0
24808,-1.0
11073,-1.0
21661,1.0
1846,1.0
18758,-1.0
11470,1.0
5372,-1.0
24264,-1.0
24196,-1.0
11945,-1.0
22206,-1.0
4,-1.0
8870,-1.0
11020,-1.0
23191,-1.0
20864,-1.0
2365,-1.0
25639,-1.0
6767,-1.0
2498,-1.0
14905,1.0
27260,-1.0
23599,-1.0
27750,-1.0
17077,-1.0
9025,-1.0
26106,-1.0
29359,-1.0
11803,-1.0
9388,-1.0
13227,1.0
17062,-1.0
21824,-1.0
7921,1.0
11649,-1.0
28581,-1.0
25444,-1.0
26603,-1.0
22260,1.0
765,-1.0
15611,-1.0
15262,-1.0
5761,-1.0
21889,-1.0
22659,-1.0
6484,1.0
12717,-1.0
28154,-1.0
25171,-1.0
531,-1.0
4253,-1.0
29402,-1.0
32157,-1.0
6885,-1.0
6673,-1.0
21937,-1.0
30574,-1.0
20358,1.0
25478,1.0
26467,-1.0
29433,1.0
7504,-1.0
6577,-1.0
23888,-1.0
1103,-1.0
20829,-1.0
21157,-1.0
32252,-1.0
1537,-1.0
3875,-1.0
30696,-1.0
18745,-1.0
21071,-1.0
23795,-1.0
5061,1.0
3140,-1.0
11548,1.0
9335,-1.0
21228,-1.0
6949,1.0
5910,-1.0
16728,-1.0
18140,-1.0
13625,-1.0
24824,-1.0
7281,-1.0
2656,-1.0
31614,-1.0
20565,-1.0
2149,-1.0
15628,1.0
19831,-1.0
30970,1.0
4452,-1.0
22631,-1.0
30990,-1.0
19126,-1.0
2044,-1.0
24050,-1.0
28813,-1.0
7326,-1.0
29296,-1.0
5037,-1.0
10541,-1.0
27074,1.0
16804,1.0
29551,1.0
4659,-1.0
8056,-1.0
9352,-1.0
10571,1.0
673,-1.0
10349,-1.0
5546,-1.0
13908,-1.0
1259,-1.0
9795,-1.0
21546,-1.0
19005,-1.0
23550,-1.0
13060,-1.0
9682,-1.0
24930,1.0
5150,-1.0
3115,-1.0
19269,1.0
14613,-1.0
12955,1.0
14657,-1.0
17822,-1.0
19778,-1.0
10247,-1.0
3150,-1.0
22240,-1.0
90,-1.0
1960,-1.0
22491,-1.0
25447,-1.0
8886,-1.0
28387,-1.0
3435,-1.0
11598,-1.0
21090,-1.0
31034,1.0
3248,-1.0
24462,-1.0
8759,1.0
19037,1.0
29033,-1.0
31558,-1.0
9910,-1.0
12596,-1.0
7693,-1.0
23786,-1.0
27264,-1.0
19617,1.0
8314,-1.0
15505,-1.0
2036,-1.0
3063,-1.0
25777,-1.0
28461,-1.0
11573,-1.0
7675,-1.0
8338,1.0
16109,-1.0
2062,-1.0
27622,-1.0
30351,-1.0
28720,1.0
6132,-1.0
24862,-1.0
10822,-1.0
7987,-1.0
20356,-1.0
2236,-1.0
4906,-1.0
10159,-1.0
17048,-1.0
23876,-1.0
4404,1.0
10170,-1.0
12729,-1.0
21046,-1.0
31966,1.0
2319,-1.0
25962,-1.0
16411,-1.0
12848,-1.0
3565,1.0
14744,-1.0
442,-1.0
11612,-1.0
21341,-1.0
12545,-1.0
17344,1.0
29793,-1.0
7023,1.0
31106,-1.0
15809,-1.0
13423,-1.0
25440,-1.0
308,-1.0
23486,-1.0
21381,-1.0
26810,-1.0
7894,-1.0
6246,-1.0
31696,-1.0
32050,-1.0
1600,-1.0
10697,-1.0
20194,-1.0
29383,-1.0
20220,-1.0
12650,-1.0
20721,1.0
14676,-1.0
28164,-1.0
9264,1.0
9861,-1.0
1419,1.0
28582,-1.0
29836,-1.0
18994,-1.0
1085,-1.0
11501,-1.0
17709,1.0
2915,-1.0
11395,-1.0
7730,-1.0
27538,-1.0
18541,-1.0
26488,-1.0
5947,-1.0
9199,1.0
25341,1.0
19009,-1.0
19186,-1.0
11740,1.0
23494,-1.0
22174,-1.0
15308,-1.0
31074,-1.0
1481,-1.0
12524,-1.0
19054,-1.0
31004,-1.0
32053,-1.0
28158,-1.0
3218,-1.0
19730,-1.0
7537,-1.0
8326,-1.0
4640,-1.0
29054,-1.0
22926,1.0
936,1.0
30216,-1.0
20800,1.0
15980,-1.0
6097,-1.0
20767,-1.0
23147,-1.0
30313,1.0
27935,-1.0
30344,-1.0
9728,-1.0
28851,-1.0
30734,1.0
19881,1.0
24589,-1.0
21774,-1.0
26143,-1.0
15283,-1.0
12776,-1.0
18017,-1.0
8766,1.0
21339,-1.0
12224,-1.0
24206,-1.0
16021,-1.0
19854,-1.0
9966,-1.0
31684,-1.0
14534,-1.0
31497,-1.0
30804,1.0
19872,-1.0
9447,-1.0
3463,-1.0
17208,1.0
25992,-1.0
1182,1.0
22056,-1.0
30631,-1.0
13021,-1.0
25325,-1.0
7944,1.0
11596,-1.0
28413,-1.0
28718,-1.0
21011,1.0
31277,-1.0
12845,-1.0
7450,-1.0
1654,-1.0
32447,-1.0
15837,-1.0
11075,1.0
18134,1.0
11361,-1.0
16749,-1.0
18475,-1.0
32196,-1.0
30621,-1.0
19965,-1.0
25759,-1.0
24018,-1.0
21756,-1.0
29159,1.0
17092,-1.0
28466,1.0
25237,1.0
31244,-1.0
17694,-1.0
20755,1.0
27005,-1.0
4891,1.0
28633,-1.0
9307,1.0
23106,-1.0
21542,1.0
7321,1.0
16556,-1.0
12950,-1.0
7503,-1.0
25766,-1.0
263,1.0
28880,-1.0
23800,-1.0
4806,-1.0
1030,-1.0
21115,-1.0
6558,-1.0
31611,1.0
29813,1.0
26571,-1.0
4079,-1.0
30736,1.0
2864,1.0
20748,-1.0
9017,-1.0
1009,1.0
6264,-1.0
9179,-1.0
16162,-1.0
12929,-1.0
589,-1.0
25734,1.0
60,-1.0
32516,1.0
27421,-1.0
3650,-1.0
30690,-1.0
20974,-1.0
15333,-1.0
10350,-1.0
30171,-1.0
28403,-1.0
6851,-1.0
21611,-1.0
11088,-1.0
23751,1.0
27932,-1.0
1289,-1.0
29636,1.0
23405,-1.0
7175,-1.0
13879,-1.0
3468,-1.0
5509,-1.0
10996,-1.0
15896,-1.0
4265,-1.0
28153,-1.0
7844,-1.0
16486,1.0
20843,-1.0
6920,-1.0
20311,-1.0
8879,-1.0
26295,1.0
16677,-1.0
9941,-1.0
4379,-1.0
23198,-1.0
9191,-1.0
170,-1.0
10282,-1.0
31131,-1.0
20903,-1.0
29110,-1.0
13520,-1.0
20547,-1.0
25263,-1.0
14346,-1.0
16997,-1.0
19245,-1.0
28368,-1.0
1133,1.0
24469,-1.0
3082,-1.0
25203,-1.0
31003,1.0
22019,-1.0
21829,-1.0
21583,1.0
6544,1.0
15742,-1.0
3865,-1.0
28812,-1.0
11450,-1.0
13926,-1.0
17373,-1.0
14572,1.0
22089,-1.0
5863,-1.0
20254,-1.0
26853,-1.0
9511,-1.0
13842,1.0
223,1.0
30061,-1.0
15155,1.0
12320,1.0
14254,1.0
22318,-1.0
15724,-1.0
11202,-1.0
26355,-1.0
21182,-1.0
5088,-1.0
21987,-1.0
11907,-1.0
28574,-1.0
6756,1.0
20107,-1.0
724,-1.0
51,1.0
5717,-1.0
1143,-1.0
13945,-1.0
1517,-1.0
29364,-1.0
22379,-1.0
31491,-1.0
9376,-1.0
25023,-1.0
5589,-1.0
29608,-1.0
17868,1.0
17879,-1.0
305,-1.0
2917,-1.0
32274,-1.0
20137,-1.0
29656,-1.0
2556,-1.0
23058,-1.0
24260,1.0
25469,-1.0
10275,-1.0
8735,-1.0
16038,-1.0
15511,-1.0
24999,-1.0
20375,-1.0
15634,-1.0
19405,1.0
25037,1.0
3167,1.0
4004,-1.0
6459,1.0
26804,-1.0
18309,-1.0
3831,-1.0
2986,-1.0
21729,1.0
26386,-1.0
10144,-1.0
23797,-1.0
30179,1.0
30534,-1.0
24588,-1.0
13657,-1.0
11099,-1.0
29374,-1.0
11762,-1.0
23738,-1.0
16972,-1.0
4032,-1.0
27820,1.0
21394,1.0
23080,-1.0
25089,-1.0
14607,-1.0
2002,-1.0
6093,-1.0
13034,-1.0
29304,-1.0
7831,1.0
18535,-1.0
19867,-1.0
6712,-1.0
21810,-1.0
16331,-1.0
8172,1.0
27500,-1.0
12126,-1.0
14603,-1.0
12561,1.0
21361,-1.0
19462,1.0
27128,-1.0
628,-1.0
27160,-1.0
2578,-1.0
22284,-1.0
20106,-1.0
32354,-1.0
4097,-1.0
17843,-1.0
4058,-1.0
24998,-1.0
28871,-1.0
16337,1.0
29885,-1.0
13380,-1.0
16443,-1.0
14870,-1.0
27837,-1.0
19046,-1.0
13565,-1.0
12782,1.0
20813,-1.0
10514,-1.0
24805,-1.0
16279,-1.0
6769,-1.0
13130,-1.0
10885,-1.0
11869,-1.0
1157,-1.0
17729,-1.0
22068,-1.0
17655,-1.0
3576,-1.0
22559,1.0
19096,-1.0
123,-1.0
28299,-1.0
29341,1.0
4465,-1.0
24936,-1.0
20035,-1.0
5452,-1.0
27764,-1.0
28534,-1.0
1977,-1.0
8138,-1.0
14553,-1.0
565,-1.0
21998,-1.0
13196,1.0
15976,-1.0
4751,1.0
14902,-1.0
14087,-1.0
30470,-1.0
10374,1.0
15450,-1.0
17385,-1.0
3368,-1.0
7393,1.0
28662,-1.0
26070,-1.0
17115,1.0
20342,-1.0
5611,-1.0
28519,-1.0
4441,-1.0
31349,-1.0
27266,1.0
22589,-1.0
31173,-1.0
21391,-1.0
24518,-1.0
28950,-1.0
23543,-1.0
25110,-1.0
5756,-1.0
27840,1.0
26915,-1.0
16953,-1.0
21111,-1.0
15476,1.0
6334,-1.0
2948,1.0
17885,-1.0
3754,-1.0
15149,-1.0
16969,-1.0
22362,-1.0
22507,-1.0
26872,-1.0
13867,1.0
13870,-1.0
28856,-1.0
16483,1.0
4384,-1.0
31484,-1.0
10030,-1.0
16347,-1.0
22326,-1.0
17099,-1.0
21474,-1.0
29131,-1.0
7128,-1.0
14158,1.0
29513,-1.0
14217,-1.0
6516,-1.0
20074,1.0
28238,-1.0
25676,-1.0
27948,1.0
13920,-1.0
5087,-1.0
7311,-1.0
7338,-1.0
8440,1.0
7416,-1.0
24219,-1.0
10599,-1.0
4279,-1.0
7188,-1.0
30308,-1.0
17316,-1.0
11485,1.0
3966,-1.0
6064,-1.0
15459,-1.0
10417,1.0
28937,-1.0
16927,-1.0
19012,1.0
14176,-1.0
14798,-1.0
9108,-1.0
15669,-1.0
2207,1.0
29678,-1.0
4385,-1.0
851,-1.0
18618,-1.0
14795,-1.0
25327,-1.0
5653,-1.0
112,-1.0
32358,-1.0
31571,-1.0
22112,-1.0
20049,-1.0
19213,-1.0
15783,-1.0
18529,-1.0
6753,-1.0
26763,-1.0
31643,1.0
30391,-1.0
16799,1.0
20076,-1.0
10967,-1.0
26013,-1.0
5949,1.0
19250,-1.0
22806,-1.0
30330,-1.0
213,-1.0
13492,-1.0
3854,-1.0
8353,-1.0
22668,-1.0
19580,-1.0
12116,-1.0
17970,1.0
12530,-1.0
20025,-1.0
28204,-1.0
29460,-1.0
7330,-1.0
27771,-1.0
8576,-1.0
30360,-1.0
7735,-1.0
24852,-1.0
29387,-1.0
19893,-1.0
17663,-1.0
3256,-1.0
10024,1.0
9477,-1.0
18083,-1.0
7985,-1.0
3803,-1.0
11901,-1.0
13455,-1.0
1554,-1.0
26848,-1.0
15541,-1.0
22192,-1.0
17543,-1.0
146,-1.0
15118,1.0
15950,1.0
1593,1.0
3496,-1.0
1174,-1.0
31623,-1.0
28867,-1.0
13143,-1.0
21101,-1.0
10319,-1.0
6445,1.0
19021,-1.0
12701,-1.0
8230,-1.0
27870,-1.0
5166,-1.0
18655,-1.0
19601,-1.0
9580,-1.0
25579,1.0
21740,-1.0
17033,-1.0
32040,-1.0
21254,-1.0
9129,-1.0
2111,-1.0
7372,-1.0
27100,-1.0
13289,-1.0
10609,-1.0
22542,-1.0
24348,-1.0
13631,-1.0
20067,1.0
15042,-1.0
23677,-1.0
29105,-1.0
1604,-1.0
1046,-1.0
14887,1.0
24519,-1.0
8605,-1.0
30291,-1.0
23633,-1.0
15562,-1.0
19749,-1.0
15225,-1.0
26161,-1.0
1428,1.0
8297,-1.0
2436,-1.0
30423,-1.0
21526,-1.0
20223,-1.0
11313,-1.0
6856,1.0
7500,1.0
11521,1.0
30976,-1.0
31181,1.0
26522,1.0
19345,-1.0
20555,-1.0
19418,-1.0
8734,-1.0
11086,-1.0
9480,-1.0
28393,-1.0
15892,-1.0
20007,-1.0
30558,-1.0
24787,-1.0
21324,1.0
16622,1.0
1216,-1.0
4204,1.0
12138,1.0
12091,-1.0
14810,-1.0
12127,-1.0
31350,-1.0
22966,-1.0
17613,-1.0
8669,-1.0
22674,-1.0
29353,-1.0
14289,-1.0
15264,-1.0
24085,-1.0
9104,-1.0
18462,-1.0
29106,-1.0
829,1.0
15970,-1.0
32432,-1.0
5671,-1.0
24844,1.0
30090,-1.0
23076,1.0
29646,-1.0
28006,-1.0
26662,-1.0
4131,-1.0
32374,-1.0
3185,-1.0
25242,-1.0
3178,1.0
22617,-1.0
28019,-1.0
14965,-1.0
16746,-1.0
10193,-1.0
12132,-1.0
19559,1.0
23781,-1.0
3287,1.0
23554,-1.0
24603,-1.0
16471,-1.0
20013,-1.0
17411,-1.0
1202,1.0
30507,-1.0
31769,-1.0
11392,-1.0
2403,-1.0
30643,-1.0
32118,-1.0
19933,-1.0
11066,-1.0
31083,-1.0
29409,-1.0
23626,-1.0
17430,-1.0
28454,-1.0
21791,1.0
30693,1.0
8235,-1.0
1330,1.0
10542,-1.0
13538,-1.0
8660,1.0
13328,1.0
30940,-1.0
15299,-1.0
4267,-1.0
21980,1.0
11231,-1.0
9234,-1.0
19002,-1.0
8391,-1.0
20915,-1.0
25598,-1.0
1321,-1.0
16171,1.0
4818,-1.0
19344,-1.0
29405,-1.0
10492,-1.0
2500,1.0
9724,-1.0
5290,-1.0
17519,-1.0
1146,-1.0
4236,1.0
9049,-1.0
25505,-1.0
21258,-1.0
8590,-1.0
29645,-1.0
12529,-1.0
15960,-1.0
32065,1.0
3805,-1.0
19292,-1.0
1093,-1.0
4997,-1.0
9702,-1.0
32035,-1.0
27722,-1.0
27157,1.0
32261,1.0
6404,-1.0
11032,-1.0
6825,-1.0
19151,1.0
11027,-1.0
7521,-1.0
20785,-1.0
17098,-1.0
16224,1.0
4508,-1.0
20697,-1.0
26042,-1.0
1082,-1.0
18218,-1.0
150,-1.0
15891,-1.0
8234,1.0
25186,-1.0
11874,1.0
24286,-1.0
25660,-1.0
11916,-1.0
22227,-1.0
6177,-1.0
16890,-1.0
25009,-1.0
14426,-1.0
13830,-1.0
7328,-1.0
30484,-1.0
23730,-1.0
14753,-1.0
4840,-1.0
18189,-1.0
23018,-1.0
13810,1.0
10615,-1.0
8880,-1.0
21969,1.0
27247,-1.0
28557,-1.0
25968,-1.0
2083,-1.0
1136,-1.0
15884,-1.0
3549,-1.0
21525,-1.0
2995,-1.0
3975,-1.0
30101,-1.0
19963,-1.0
7895,-1.0
932,-1.0
24418,-1.0
816,-1.0
6772,-1.0
24297,-1.0
10523,-1.0
29062,1.0
32135,-1.0
7952,-1.0
4068,-1.0
26188,-1.0
13151,-1.0
28768,1.0
16735,-1.0
8281,-1.0
349,-1.0
17017,-1.0
24706,1.0
19414,-1.0
12470,-1.0
7497,-1.0
22185,-1.0
5145,-1.0
1848,-1.0
48,-1.0
14690,-1.0
168,-1.0
29789,-1.0
9470,-1.0
30114,-1.0
14221,-1.0
9657,-1.0
31679,1.0
18139,-1.0
9496,-1.0
23065,-1.0
32414,1.0
25255,-1.0
5478,-1.0
22161,-1.0
20713,-1.0
11257,-1.0
10675,-1.0
21136,-1.0
12187,-1.0
19602,-1.0
13295,-1.0
5933,-1.0
29852,1.0
29078,-1.0
13785,-1.0
25499,-1.0
12039,1.0
24138,1.0
7566,-1.0
16912,-1.0
10439,-1.0
3996,-1.0
25414,-1.0
32429,-1.0
24716,1.0
3059,-1.0
2661,1.0
27368,-1.0
7951,-1.0
9760,1.0
2918,-1.0
1835,-1.0
19222,-1.0
19736,-1.0
32454,-1.0
13831,-1.0
26801,-1.0
7441,-1.0
29699,-1.0
6426,-1.0
6183,-1.0
4064,1.0
3815,-1.0
8034,-1.0
14727,-1.0
4513,-1.0
15058,1.0
11789,-1.0
13877,-1.0
27099,-1.0
16323,-1.0
32353,-1.0
24530,-1.0
4686,-1.0
19502,1.0
6540,-1.0
12859,-1.0
24282,-1.0
19410,-1.0
19322,-1.0
25426,-1.0
14236,1.0
24901,-1.0
31367,-1.0
675,-1.0
9917,-1.0
14801,-1.0
28336,1.0
25520,-1.0
20897,1.0
2114,1.0
26108,1.0
10658,-1.0
1413,-1.0
6483,-1.0
31836,-1.0
17587,-1.0
4637,-1.0
7512,1.0
28492,-1.0
18277,-1.0
1237,-1.0
19301,-1.0
11420,-1.0
521,-1.0
5676,-1.0
27113,-1.0
30632,-1.0
22528,1.0
21121,1.0
3666,-1.0
22231,-1.0
12559,-1.0
22863,-1.0
9408,-1.0
7459,-1.0
30774,-1.0
29944,-1.0
22932,-1.0
16780,-1.0
4168,-1.0
28029,-1.0
17281,-1.0
23869,-1.0
10422,-1.0
26587,-1.0
28358,-1.0
3932,-1.0
30475,-1.0
12429,-1.0
20652,-1.0
9673,-1.0
26880,-1.0
24405,-1.0
13574,1.0
14906,-1.0
6192,-1.0
21383,-1.0
11187,-1.0
29375,-1.0
6973,1.0
2549,-1.0
9934,-1.0
25865,-1.0
5538,-1.0
19907,-1.0
21867,-1.0
18919,-1.0
26072,-1.0
15953,-1.0
24813,-1.0
6999,-1.0
25652,-1.0
27985,-1.0
19230,-1.0
12572,-1.0
28079,1.0
1759,-1.0
3692,-1.0
11357,1.0
18335,-1.0
23679,-1.0
12306,-1.0
19169,-1.0
27906,1.0
18240,-1.0
24768,-1.0
14327,1.0
32045,-1.0
15368,1.0
225,-1.0
19870,-1.0
2876,1.0
25442,-1.0
31416,-1.0
11735,-1.0
23885,-1.0
17978,-1.0
6069,-1.0
13218,-1.0
27531,1.0
15293,-1.0
25051,1.0
10604,-1.0
499,-1.0
8760,-1.0
2144,-1.0
16825,1.0
16327,-1.0
10005,-1.0
17339,1.0
687,1.0
13921,-1.0
3315,-1.0
2453,-1.0
17143,1.0
6853,1.0
14349,-1.0
3663,-1.0
16000,1.0
29882,-1.0
26411,-1.0
16328,-1.0
23269,1.0
13208,-1.0
26962,-1.0
4871,-1.0
6329,-1.0
16917,-1.0
31740,-1.0
15500,1.0
2155,1.0
10103,-1.0
10341,-1.0
25882,-1.0
31441,-1.0
23274,-1.0
18569,-1.0
23014,1.0
5605,-1.0
13145,-1.0
7779,-1.0
24545,-1.0
23277,-1.0
12709,-1.0
29232,-1.0
19433,-1.0
86,-1.0
5234,1.0
16751,-1.0
32513,-1.0
640,1.0
23123,-1.0
1527,-1.0
25712,-1.0
17801,-1.0
27025,-1.0
13532,-1.0
20599,-1.0
10113,-1.0
32056,-1.0
2772,-1.0
19658,-1.0
15400,-1.0
7060,-1.0
16039,-1.0
5650,-1.0
27715,1.0
7276,-1.0
27621,-1.0
9929,-1.0
24223,-1.0
5356,-1.0
29809,-1.0
15990,-1.0
26410,-1.0
3373,-1.0
24159,1.0
21964,-1.0
1870,-1.0
19889,1.0
11618,-1.0
6257,-1.0
11941,-1.0
26115,-1.0
4443,-1.0
29279,1.0
20752,-1.0
11091,-1.0
9366,1.0
9337,-1.0
28597,-1.0
19358,1.0
10210,-1.0
28145,-1.0
5780,-1.0
23775,-1.0
4169,-1.0
7179,1.0
11696,1.0
27322,-1.0
29264,-1.0
14734,-1.0
1033,-1.0
10019,-1.0
391,-1.0
29784,-1.0
29546,-1.0
8717,1.0
864,-1.0
29123,-1.0
21008,-1.0
26565,1.0
20711,-1.0
31115,-1.0
13797,-1.0
3155,-1.0
14858,1.0
7262,-1.0
12251,1.0
17504,-1.0
21577,-1.0
10735,1.0
27984,-1.0
29547,-1.0
30189,-1.0
11178,-1.0
11400,-1.0
81,-1.0
6012,-1.0
25095,-1.0
10179,-1.0
22771,1.0
8591,-1.0
8247,-1.0
10565,-1.0
5304,-1.0
30942,-1.0
23824,1.0
11703,-1.0
7445,-1.0
6172,-1.0
701,-1.0
5603,-1.0
28613,-1.0
45,-1.0
5464,-1.0
28980,-1.0
20772,-1.0
28316,-1.0
31923,-1.0
24544,-1.0
669,1.0
9039,-1.0
9591,-1.0
9954,-1.0
22428,-1.0
13253,1.0
27339,-1.0
22547,1.0
14416,1.0
6472,-1.0
10922,1.0
15555,-1.0
17760,-1.0
10032,-1.0
28732,1.0
1086,-1.0
31312,-1.0
32423,1.0
27759,-1.0
24910,-1.0
32209,-1.0
22023,1.0
315,1.0
15658,-1.0
5412,-1.0
29376,-1.0
12363,-1.0
18005,1.0
11128,-1.0
13157,1.0
2001,-1.0
24167,-1.0
16520,-1.0
6157,-1.0
25137,-1.0
26377,-1.0
20824,-1.0
25491,-1.0
9309,-1.0
3533,-1.0
17072,-1.0
20645,-1.0
18894,1.0
30034,-1.0
9560,1.0
31676,-1.0
11218,-1.0
21951,1.0
29788,-1.0
31096,1.0
24313,-1.0
14537,1.0
5837,1.0
31559,-1.0
31741,-1.0
26586,-1.0
28423,-1.0
5263,-1.0
18993,-1.0
7927,-1.0
32287,1.0
4011,-1.0
2641,-1.0
22956,-1.0
30826,-1.0
30828,-1.0
25840,-1.0
21841,-1.0
25693,-1.0
28565,-1.0
2899,-1.0
21651,-1.0
14095,-1.0
5750,-1.0
6938,1.0
31532,-1.0
4833,-1.0
1340,-1.0
28073,1.0
24847,-1.0
22706,1.0
27582,-1.0
16515,-1.0
25375,-1.0
852,-1.0
23820,-1.0
31685,-1.0
28106,-1.0
3120,-1.0
2958,-1.0
31206,1.0
23456,-1.0
30397,-1.0
24471,-1.0
30349,-1.0
29708,1.0
23449,-1.0
17091,-1.0
18388,-1.0
25565,-1.0
29911,-1.0
27304,-1.0
8191,-1.0
22788,-1.0
15305,-1.0
13399,-1.0
5007,-1.0
22754,-1.0
15499,-1.0
23112,-1.0
22151,-1.0
14423,1.0
26360,1.0
6179,-1.0
4514,-1.0
7186,-1.0
30886,-1.0
24092,1.0
23423,1.0
17848,-1.0
23987,1.0
28412,-1.0
18232,-1.0
32164,-1.0
20432,-1.0
17823,-1.0
19295,-1.0
27185,1.0
2357,-1.0
15345,-1.0
9948,-1.0
3898,-1.0
26197,-1.0
27810,1.0
12245,-1.0
4837,-1.0
3808,-1.0
10629,-1.0
32258,-1.0
23470,-1.0
25571,1.0
20318,1.0
8422,-1.0
12688,-1.0
2464,-1.0
1642,1.0
10884,-1.0
19378,-1.0
10708,1.0
23892,-1.0
19620,-1.0
12281,-1.0
3693,1.0
24865,-1.0
18896,-1.0
19424,-1.0
25430,-1.0
3488,-1.0
2865,1.0
16872,-1.0
28024,-1.0
30870,-1.0
740,-1.0
22345,-1.0
17067,-1.0
23062,1.0
16173,-1.0
9044,-1.0
13666,-1.0
11315,-1.0
6305,-1.0
22712,-1.0
23591,-1.0
28893,1.0
25120,1.0
13491,-1.0
21376,-1.0
4274,-1.0
22980,-1.0
1125,-1.0
22738,-1.0
28875,1.0
24942,-1.0
23299,-1.0
30579,1.0
17071,-1.0
13316,-1.0
10520,-1.0
3008,-1.0
7198,-1.0
26166,1.0
31637,-1.0
3247,-1.0
948,1.0
5279,-1.0
27844,-1.0
29977,-1.0
17214,-1.0
9028,-1.0
18147,-1.0
14875,-1.0
15526,-1.0
25858,-1.0
26037,-1.0
19828,1.0
16558,1.0
19816,-1.0
4902,-1.0
5391,-1.0
17864,1.0
22895,-1.0
16981,-1.0
1610,-1.0
27813,-1.0
19864,-1.0
27324,-1.0
25045,-1.0
16925,-1.0
25758,1.0
2601,-1.0
2123,1.0
30979,-1.0
19787,-1.0
8224,-1.0
9460,1.0
12658,1.0
4959,-1.0
9071,-1.0
3320,-1.0
8214,-1.0
6728,1.0
1083,-1.0
3019,-1.0
10713,-1.0
15811,-1.0
29721,-1.0
30581,1.0
20298,-1.0
24587,-1.0
4907,-1.0
17554,-1.0
23587,-1.0
29828,-1.0
29020,-1.0
24748,-1.0
1961,-1.0
2826,1.0
9750,-1.0
1578,-1.0
14701,-1.0
1563,-1.0
5457,-1.0
20369,-1.0
9759,-1.0
19001,-1.0
1280,-1.0
3015,-1.0
19941,-1.0
10157,-1.0
20443,-1.0
3556,-1.0
10836,1.0
29181,-1.0
25979,-1.0
30902,-1.0
5885,-1.0
26913,-1.0
10981,1.0
15326,-1.0
16889,1.0
16426,1.0
990,-1.0
13839,-1.0
19260,1.0
6596,-1.0
7111,-1.0
17050,1.0
11849,-1.0
10910,-1.0
2974,-1.0
28295,-1.0
12218,-1.0
28751,-1.0
25978,-1.0
30729,-1.0
28815,-1.0
31878,-1.0
10061,-1.0
27956,-1.0
23549,-1.0
26709,1.0
21631,1.0
25418,-1.0
298,1.0
2213,1.0
2937,-1.0
6245,1.0
5843,1.0
15040,-1.0
23389,1.0
26836,-1.0
12842,-1.0
2603,-1.0
28793,1.0
26181,-1.0
17882,-1.0
29127,-1.0
6710,-1.0
25247,-1.0
20682,-1.0
18665,-1.0
15860,-1.0
31957,-1.0
21450,-1.0
8906,-1.0
27285,-1.0
16856,-1.0
12163,-1.0
14811,-1.0
26249,1.0
12094,-1.0
27768,-1.0
7887,-1.0
7470,-1.0
24450,-1.0
24242,-1.0
9774,-1.0
30562,-1.0
29118,-1.0
26340,-1.0
20911,-1.0
21671,-1.0
30907,-1.0
30600,-1.0
24262,1.0
23351,-1.0
25111,-1.0
23335,-1.0
32152,-1.0
24221,-1.0
8744,-1.0
7560,-1.0
25488,-1.0
19334,-1.0
28126,-1.0
14966,-1.0
16740,-1.0
23756,-1.0
15000,-1.0
17850,-1.0
17727,-1.0
24982,-1.0
4726,-1.0
13266,-1.0
29601,-1.0
26423,-1.0
9325,1.0
24343,-1.0
17906,-1.0
3190,-1.0
22477,-1.0
30771,-1.0
7922,-1.0
8357,-1.0
26971,-1.0
18906,-1.0
29997,1.0
3161,-1.0
12440,-1.0
3033,-1.0
3054,-1.0
25890,-1.0
23545,1.0
20058,-1.0
18933,-1.0
18481,-1.0
3168,1.0
18171,1.0
7674,1.0
28025,-1.0
1953,-1.0
17196,1.0
27067,-1.0
13840,-1.0
27510,-1.0
10361,-1.0
9151,-1.0
14066,1.0
6356,-1.0
17933,-1.0
19948,-1.0
13425,-1.0
2940,1.0
27876,-1.0
13432,-1.0
29212,-1.0
19652,1.0
19507,-1.0
19115,-1.0
10883,-1.0
31141,-1.0
32168,-1.0
25636,-1.0
22997,-1.0
2287,-1.0
24178,-1.0
12940,1.0
26950,-1.0
26885,-1.0
23595,-1.0
12143,-1.0
25822,-1.0
4380,-1.0
18058,-1.0
32488,-1.0
23653,-1.0
6002,-1.0
19937,1.0
20382,-1.0
32243,1.0
29268,-1.0
14251,-1.0
10495,-1.0
20874,-1.0
11212,1.0
20678,-1.0
10625,-1.0
25792,-1.0
15814,-1.0
19215,1.0
4023,-1.0
30240,-1.0
19989,-1.0
10601,1.0
22132,-1.0
13858,-1.0
16745,-1.0
28389,-1.0
8041,-1.0
17318,-1.0
29242,-1.0
22994,-1.0
4410,1.0
22135,-1.0
1518,-1.0
21866,-1.0
19058,-1.0
12879,-1.0
5455,-1.0
4632,-1.0
23412,1.0
6877,-1.0
4812,-1.0
22193,-1.0
2710,1.0
14457,-1.0
30611,1.0
1854,-1.0
24785,-1.0
13862,-1.0
8208,-1.0
9690,-1.0
12184,1.0
11051,-1.0
20909,-1.0
13072,-1.0
28030,-1.0
2830,-1.0
13603,-1.0
5027,-1.0
12862,-1.0
22815,-1.0
25528,-1.0
5977,-1.0
15065,-1.0
6995,-1.0
13726,-1.0
28015,-1.0
14924,-1.0
6986,-1.0
11449,-1.0
5822,1.0
22671,-1.0
22662,-1.0
31085,-1.0
19412,-1.0
26906,-1.0
9123,-1.0
29178,1.0
4854,1.0
24171,-1.0
11943,-1.0
1099,-1.0
18801,-1.0
7007,-1.0
29611,1.0
24584,-1.0
13011,-1.0
31385,-1.0
2851,-1.0
19897,-1.0
6508,-1.0
11817,-1.0
13401,-1.0
21487,-1.0
22656,-1.0
8455,-1.0
8504,-1.0
23773,-1.0
12024,1.0
11601,1.0
21780,1.0
5714,-1.0
31309,-1.0
9940,-1.0
8612,1.0
14501,-1.0
3242,-1.0
4896,-1.0
16141,-1.0
20217,-1.0
20317,-1.0
1431,-1.0
2216,-1.0
30615,-1.0
19648,1.0
5135,-1.0
418,-1.0
12544,-1.0
21112,1.0
10742,-1.0
13542,-1.0
7904,-1.0
32395,-1.0
8765,-1.0
7889,-1.0
8256,-1.0
25867,-1.0
20404,-1.0
4089,-1.0
2598,-1.0
12229,-1.0
29343,-1.0
5802,-1.0
24980,-1.0
10358,-1.0
9559,-1.0
23700,-1.0
6373,-1.0
25249,-1.0
12799,-1.0
29829,1.0
26997,-1.0
19045,-1.0
3520,1.0
29746,-1.0
2613,-1.0
5695,1.0
10906,-1.0
5250,-1.0
18652,-1.0
12194,1.0
13213,-1.0
17880,-1.0
19227,-1.0
25984,1.0
14292,-1.0
8152,-1.0
26241,-1.0
26092,1.0
4442,-1.0
15573,-1.0
26389,-1.0
11886,-1.0
24503,-1.0
17380,-1.0
14766,-1.0
9636,-1.0
27603,-1.0
19943,-1.0
27994,1.0
2073,-1.0
4789,-1.0
20573,-1.0
24364,-1.0
4318,-1.0
15521,-1.0
27477,1.0
17187,-1.0
30417,-1.0
6871,-1.0
23218,-1.0
20784,1.0
6821,-1.0
28473,-1.0
14723,1.0
22898,-1.0
32431,1.0
22523,1.0
26940,-1.0
28844,-1.0
24921,1.0
22322,1.0
6850,-1.0
3641,-1.0
24960,-1.0
10775,-1.0
18441,-1.0
25353,-1.0
30698,-1.0
4458,-1.0
18613,-1.0
21602,-1.0
2413,-1.0
1031,-1.0
19010,-1.0
18422,-1.0
6941,-1.0
5558,-1.0
28943,-1.0
886,-1.0
23414,-1.0
28992,-1.0
17872,-1.0
27062,-1.0
8186,1.0
8335,-1.0
23092,-1.0
18868,-1.0
12088,-1.0
20777,1.0
13707,-1.0
10937,-1.0
10022,1.0
14326,-1.0
11320,-1.0
12411,-1.0
32185,1.0
27627,-1.0
317,-1.0
30767,-1.0
6222,-1.0
25548,-1.0
19156,-1.0
25658,-1.0
25967,-1.0
9111,-1.0
10368,-1.0
29733,-1.0
31977,1.0
27825,-1.0
3740,-1.0
7261,1.0
9416,-1.0
9117,-1.0
19305,-1.0
21276,-1.0
29478,-1.0
9351,-1.0
13398,-1.0
32327,-1.0
31650,-1.0
14782,-1.0
26677,-1.0
1295,-1.0
14646,-1.0
28465,1.0
28171,-1.0
1607,-1.0
2540,-1.0
9186,-1.0
30656,-1.0
4609,-1.0
24981,-1.0
10666,1.0
9201,-1.0
14363,-1.0
6893,-1.0
31502,-1.0
10957,-1.0
8371,-1.0
22606,-1.0
24353,1.0
24513,-1.0
12734,1.0
11690,-1.0
9708,-1.0
30491,-1.0
24208,-1.0
777,-1.0
17779,-1.0
12797,-1.0
10500,-1.0
8102,1.0
18407,-1.0
19585,-1.0
13704,-1.0
12437,-1.0
2557,-1.0
29090,-1.0
30367,-1.0
28294,-1.0
3572,-1.0
12994,-1.0
31430,-1.0
9035,-1.0
17495,-1.0
14011,-1.0
11895,-1.0
313,1.0
4467,-1.0
26045,-1.0
25567,-1.0
6271,1.0
19031,-1.0
25966,-1.0
13854,1.0
11017,-1.0
6807,-1.0
16993,-1.0
30894,-1.0
32069,-1.0
30406,-1.0
17053,-1.0
3984,-1.0
25538,-1.0
11858,-1.0
12832,-1.0
5051,-1.0
13739,-1.0
21818,-1.0
11885,-1.0
6591,-1.0
14091,-1.0
2074,1.0
25230,-1.0
12602,1.0
9424,-1.0
25605,-1.0
31725,-1.0
17404,-1.0
30896,-1.0
23794,-1.0
6389,-1.0
13030,-1.0
7973,-1.0
20696,1.0
11031,-1.0
18015,-1.0
8975,1.0
31693,-1.0
27908,1.0
27394,-1.0
32528,1.0
18666,-1.0
30459,-1.0
10481,1.0
8126,-1.0
3514,-1.0
3700,-1.0
17367,-1.0
19313,-1.0
21028,-1.0
31785,-1.0
29894,-1.0
25029,-1.0
20943,-1.0
9572,-1.0
23749,-1.0
10984,-1.0
30906,-1.0
31336,1.0
9605,-1.0
32466,1.0
1281,1.0
16547,-1.0
20631,-1.0
26144,-1.0
31008,1.0
31422,-1.0
15863,-1.0
6045,-1.0
28735,-1.0
29285,-1.0
3942,-1.0
31076,-1.0
12535,1.0
31902,1.0
22615,-1.0
17455,1.0
13511,-1.0
19397,-1.0
9055,1.0
5948,-1.0
24122,-1.0
15082,-1.0
26713,-1.0
32413,-1.0
8629,-1.0
6481,1.0
24263,-1.0
24789,-1.0
32349,-1.0
24609,-1.0
32288,-1.0
22138,-1.0
32313,-1.0
32289,-1.0
31955,1.0
32497,1.0
14575,-1.0
30975,-1.0
25199,-1.0
2736,-1.0
28605,-1.0
10155,1.0
31322,-1.0
29974,-1.0
20610,1.0
7014,-1.0
4847,-1.0
28722,-1.0
24172,-1.0
3029,-1.0
28381,-1.0
8243,-1.0
10820,-1.0
12989,-1.0
7436,-1.0
3081,-1.0
13855,-1.0
19760,1.0
5517,-1.0
17990,1.0
8940,-1.0
31105,-1.0
10505,-1.0
1329,-1.0
2231,-1.0
29641,1.0
18626,-1.0
12432,-1.0
9851,1.0
24104,-1.0
13362,-1.0
31963,-1.0
27941,-1.0
10790,-1.0
11002,1.0
6978,1.0
11432,1.0
1228,1.0
647,-1.0
11177,-1.0
7012,1.0
25593,1.0
16112,1.0
12566,-1.0
16546,-1.0
31840,1.0
4001,-1.0
8694,-1.0
8665,-1.0
18973,1.0
17803,-1.0
26260,-1.0
2122,-1.0
8621,-1.0
14117,-1.0
31761,-1.0
22822,-1.0
15741,-1.0
30590,-1.0
28226,-1.0
15731,-1.0
25726,-1.0
20343,-1.0
26833,-1.0
18786,-1.0
17158,1.0
15969,-1.0
31520,-1.0
28200,-1.0
26135,-1.0
8802,-1.0
4991,-1.0
2970,1.0
18640,-1.0
24139,1.0
21147,-1.0
17414,-1.0
19534,-1.0
4886,1.0
1178,-1.0
16205,-1.0
31314,-1.0
10963,-1.0
1692,-1.0
12227,-1.0
19908,-1.0
9697,-1.0
2883,-1.0
13323,-1.0
22027,-1.0
508,-1.0
15877,1.0
17219,-1.0
24610,1.0
7510,1.0
2848,-1.0
8824,-1.0
23588,1.0
10446,-1.0
5072,-1.0
14622,1.0
7350,1.0
21605,-1.0
15566,-1.0
30863,-1.0
16605,-1.0
12479,1.0
1671,-1.0
32234,-1.0
4127,-1.0
29569,-1.0
4447,-1.0
2737,-1.0
29692,-1.0
30721,-1.0
7237,-1.0
23763,-1.0
11179,-1.0
18606,-1.0
24845,-1.0
6650,-1.0
21095,-1.0
23458,-1.0
3436,-1.0
21282,-1.0
20441,1.0
16183,-1.0
30888,-1.0
6401,-1.0
23223,-1.0
29372,-1.0
23573,-1.0
28888,-1.0
6332,1.0
21295,-1.0
14392,-1.0
24860,-1.0
25355,1.0
24116,-1.0
8413,-1.0
17776,-1.0
5476,-1.0
25942,-1.0
25584,1.0
19735,-1.0
1858,1.0
16808,-1.0
3060,-1.0
2279,-1.0
14160,1.0
6888,-1.0
24991,1.0
12588,-1.0
25596,-1.0
21745,-1.0
18237,-1.0
15868,-1.0
9467,1.0
20010,-1.0
18288,-1.0
4977,-1.0
13039,-1.0
2285,-1.0
11368,-1.0
15433,-1.0
8103,-1.0
18848,-1.0
12781,1.0
31993,-1.0
21606,-1.0
28247,-1.0
9313,-1.0
1471,-1.0
10415,-1.0
18259,-1.0
30425,-1.0
29026,-1.0
6235,-1.0
17204,-1.0
19611,-1.0
14226,-1.0
3992,-1.0
5980,-1.0
24796,-1.0
12090,1.0
26285,-1.0
10277,-1.0
11777,-1.0
22282,-1.0
17994,1.0
14304,-1.0
27874,1.0
21409,-1.0
24616,-1.0
28770,-1.0
9719,1.0
14328,-1.0
11129,-1.0
18684,-1.0
1301,1.0
25031,-1.0
9448,1.0
869,-1.0
12311,-1.0
2518,-1.0
5329,-1.0
31750,-1.0
8249,-1.0
11837,-1.0
24633,-1.0
31058,-1.0
25578,-1.0
24902,1.0
16560,-1.0
14474,-1.0
16121,-1.0
27747,-1.0
11370,-1.0
5386,-1.0
2631,-1.0
22783,-1.0
4978,1.0
5697,-1.0
18312,-1.0
11926,-1.0
10958,-1.0
26003,-1.0
13689,-1.0
29817,-1.0
32286,-1.0
7665,1.0
21498,-1.0
32426,1.0
1738,1.0
11934,-1.0
22841,-1.0
8884,-1.0
23937,1.0
5578,-1.0
6859,1.0
4427,-1.0
19957,-1.0
4703,-1.0
11681,-1.0
23141,-1.0
2438,-1.0
341,-1.0
17439,-1.0
29425,-1.0
7264,1.0
23968,-1.0
24320,1.0
31157,-1.0
32201,-1.0
12610,-1.0
26755,-1.0
2372,-1.0
2042,-1.0
6239,-1.0
14820,-1.0
23493,-1.0
32409,-1.0
15622,1.0
4473,-1.0
10241,-1.0
16201,1.0
8323,-1.0
31722,-1.0
23061,-1.0
19847,-1.0
6951,-1.0
24992,-1.0
29600,-1.0
15281,-1.0
32476,-1.0
26275,-1.0
9641,-1.0
1303,-1.0
29423,-1.0
28269,-1.0
8309,-1.0
22774,-1.0
18573,-1.0
5922,-1.0
10035,-1.0
7143,1.0
25040,-1.0
23574,-1.0
16163,-1.0
21551,-1.0
26484,-1.0
5340,1.0
4114,1.0
13334,-1.0
28037,-1.0
3380,-1.0
21493,-1.0
4883,-1.0
9624,-1.0
22516,-1.0
12834,-1.0
15844,-1.0
4532,-1.0
29635,-1.0
28713,-1.0
3507,-1.0
19339,-1.0
21854,-1.0
27116,-1.0
29154,-1.0
19123,-1.0
13415,1.0
8446,1.0
4976,-1.0
25046,1.0
12271,1.0
26614,-1.0
5191,-1.0
2533,-1.0
435,1.0
20136,-1.0
23714,1.0
2640,-1.0
11748,-1.0
7282,-1.0
26192,-1.0
27444,-1.0
4393,-1.0
7070,-1.0
25224,-1.0
32207,-1.0
1586,-1.0
107,-1.0
30799,1.0
9678,-1.0
28975,-1.0
32301,-1.0
22077,-1.0
25390,-1.0
5342,-1.0
11005,-1.0
29393,-1.0
20571,-1.0
26128,-1.0
3083,-1.0
14751,-1.0
25963,1.0
7480,-1.0
5776,1.0
24957,-1.0
28206,-1.0
16383,-1.0
21340,-1.0
6218,-1.0
20978,-1.0
24198,1.0
28180,1.0
3949,-1.0
8280,1.0
11037,1.0
22002,-1.0
9063,-1.0
8916,-1.0
31220,-1.0
27581,-1.0
25645,-1.0
27171,-1.0
17798,-1.0
12873,-1.0
7306,1.0
6564,-1.0
13291,-1.0
22744,-1.0
28320,-1.0
655,-1.0
20437,-1.0
22064,-1.0
5425,1.0
17348,-1.0
13716,1.0
14249,-1.0
12472,-1.0
19133,-1.0
25974,-1.0
22995,-1.0
690,-1.0
13964,-1.0
15090,-1.0
923,-1.0
11654,-1.0
21754,-1.0
28938,-1.0
27993,-1.0
27564,-1.0
3597,-1.0
27933,-1.0
10660,-1.0
29186,-1.0
23260,-1.0
23720,-1.0
16233,-1.0
1090,-1.0
12228,-1.0
23909,-1.0
20609,-1.0
31839,-1.0
9311,-1.0
18910,-1.0
18513,-1.0
18151,-1.0
16876,-1.0
18603,1.0
23193,-1.0
24390,-1.0
12463,-1.0
22142,-1.0
10948,-1.0
31463,1.0
24816,-1.0
23109,-1.0
9689,-1.0
5093,-1.0
23302,-1.0
15391,-1.0
4440,-1.0
10796,1.0
17571,1.0
25799,1.0
8439,-1.0
12393,-1.0
30871,-1.0
27168,1.0
10552,-1.0
412,-1.0
9915,-1.0
20633,-1.0
29356,1.0
21358,-1.0
17327,-1.0
20099,-1.0
17335,-1.0
26645,-1.0
4240,-1.0
12635,-1.0
4626,-1.0
32484,-1.0
10513,1.0
7631,-1.0
23069,1.0
877,1.0
28432,-1.0
32436,-1.0
22494,-1.0
898,-1.0
6176,-1.0
20259,-1.0
23464,-1.0
25835,-1.0
4870,1.0
13016,-1.0
955,-1.0
26311,-1.0
28909,-1.0
11779,-1.0
5635,-1.0
16276,-1.0
21447,-1.0
26717,-1.0
22848,-1.0
27976,-1.0
2286,1.0
23161,-1.0
11514,-1.0
10678,1.0
17390,-1.0
29946,-1.0
2332,1.0
21957,-1.0
20350,1.0
1048,-1.0
3639,-1.0
21804,-1.0
20776,-1.0
12427,-1.0
27023,-1.0
13713,-1.0
24349,-1.0
13985,-1.0
27664,-1.0
22945,-1.0
6740,-1.0
24671,-1.0
11562,-1.0
22397,-1.0
1677,-1.0
16387,1.0
13304,-1.0
17922,-1.0
30655,-1.0
22798,-1.0
12956,-1.0
20892,-1.0
11057,-1.0
4101,1.0
22672,-1.0
9001,-1.0
6507,-1.0
24928,-1.0
14318,-1.0
14305,-1.0
14773,1.0
4855,1.0
7131,1.0
6175,-1.0
1959,-1.0
31009,-1.0
12689,-1.0
2246,-1.0
18434,-1.0
25345,1.0
16720,-1.0
17013,-1.0
18567,-1.0
20612,-1.0
13092,-1.0
2951,-1.0
14244,-1.0
18096,-1.0
32151,-1.0
13128,-1.0
20519,-1.0
21165,-1.0
30244,-1.0
10433,-1.0
7409,-1.0
2488,-1.0
8749,-1.0
5973,-1.0
17660,1.0
15192,-1.0
32177,1.0
21974,-1.0
21812,1.0
19794,-1.0
17539,-1.0
19653,-1.0
13976,-1.0
29426,-1.0
23231,-1.0
29570,-1.0
27210,-1.0
7953,1.0
26834,-1.0
24153,-1.0
27142,-1.0
20475,-1.0
23338,-1.0
27672,-1.0
19006,-1.0
21408,-1.0
1698,1.0
19177,-1.0
10339,-1.0
8076,-1.0
26443,-1.0
18988,-1.0
30394,-1.0
6878,-1.0
31298,-1.0
15246,1.0
17739,-1.0
20170,-1.0
29169,1.0
23429,-1.0
3146,-1.0
13900,1.0
25276,1.0
13171,-1.0
11625,-1.0
3329,-1.0
14746,-1.0
25041,-1.0
14222,-1.0
23707,-1.0
22836,-1.0
9256,-1.0
11774,-1.0
15919,-1.0
20605,-1.0
18386,-1.0
7339,-1.0
20491,-1.0
16410,1.0
8430,-1.0
31079,-1.0
22208,-1.0
12147,1.0
5604,-1.0
9064,-1.0
25006,-1.0
5814,-1.0
18853,-1.0
9615,-1.0
7105,-1.0
25673,-1.0
3037,-1.0
21574,1.0
19924,-1.0
17220,-1.0
1727,-1.0
10787,-1.0
1399,-1.0
24727,-1.0
15772,-1.0
16320,-1.0
1131,-1.0
11648,1.0
29706,-1.0
8727,-1.0
2277,-1.0
16074,-1.0
13914,-1.0
19411,-1.0
2617,1.0
23249,-1.0
20124,1.0
18753,-1.0
28258,-1.0
28162,-1.0
30168,-1.0
22364,1.0
23568,1.0
21217,-1.0
26328,-1.0
10257,-1.0
577,-1.0
30559,-1.0
15287,-1.0
17389,1.0
14053,-1.0
4535,-1.0
8057,-1.0
31148,-1.0
30183,-1.0
688,1.0
16646,-1.0
2397,-1.0
2192,-1.0
4647,-1.0
2632,1.0
493,1.0
15310,-1.0
415,-1.0
7897,1.0
1927,-1.0
13269,-1.0
31849,-1.0
9322,-1.0
17160,-1.0
5285,-1.0
26425,-1.0
20569,-1.0
20714,-1.0
4660,-1.0
22084,-1.0
8205,-1.0
30941,-1.0
9306,1.0
31018,-1.0
20405,-1.0
15911,-1.0
30003,-1.0
20899,-1.0
16152,1.0
24665,1.0
26026,-1.0
18374,-1.0
21169,-1.0
23921,1.0
17054,-1.0
11852,1.0
5168,-1.0
13449,-1.0
19701,-1.0
27688,-1.0
21190,-1.0
8589,1.0
31391,-1.0
27615,-1.0
5954,-1.0
31,-1.0
18268,-1.0
22075,-1.0
4645,-1.0
20400,-1.0
24191,-1.0
23011,-1.0
16289,-1.0
1739,-1.0
18089,-1.0
26000,1.0
10734,-1.0
31269,-1.0
9874,1.0
14945,-1.0
24106,-1.0
16249,-1.0
8781,-1.0
23735,-1.0
20462,1.0
25219,-1.0
27674,-1.0
7703,-1.0
32158,-1.0
973,-1.0
6525,-1.0
10020,-1.0
27072,-1.0
25634,-1.0
22454,-1.0
8493,-1.0
14577,-1.0
2252,-1.0
20855,-1.0
2170,1.0
12896,-1.0
27893,1.0
28216,-1.0
3836,-1.0
26017,-1.0
8393,-1.0
14710,1.0
21241,-1.0
4105,1.0
16492,-1.0
16128,-1.0
19166,-1.0
12152,-1.0
16681,-1.0
7846,-1.0
3669,-1.0
813,-1.0
8433,-1.0
14605,-1.0
25851,-1.0
29796,-1.0
2599,-1.0
8417,-1.0
19993,-1.0
5559,-1.0
6801,-1.0
23286,-1.0
28479,-1.0
32025,1.0
2199,-1.0
28083,1.0
17881,-1.0
1745,-1.0
480,-1.0
3363,-1.0
12724,-1.0
21744,-1.0
3360,-1.0
2721,1.0
5706,-1.0
23030,-1.0
28501,-1.0
22533,-1.0
4299,-1.0
24606,-1.0
32180,-1.0
2645,-1.0
14692,-1.0
20034,-1.0
22178,1.0
29795,1.0
4921,-1.0
26762,-1.0
1623,-1.0
19200,-1.0
22061,1.0
26458,-1.0
13887,1.0
22791,-1.0
29373,-1.0
22564,1.0
21512,-1.0
13724,1.0
13670,-1.0
32335,-1.0
29183,-1.0
16827,-1.0
19522,-1.0
12743,-1.0
18982,1.0
28339,1.0
20473,-1.0
1818,-1.0
5792,1.0
2219,-1.0
20594,-1.0
6127,-1.0
21972,1.0
12383,-1.0
1105,-1.0
1868,-1.0
3011,-1.0
25951,1.0
30549,-1.0
747,-1.0
30742,-1.0
26186,-1.0
24461,-1.0
1515,-1.0
22601,-1.0
15512,-1.0
19367,-1.0
14614,1.0
23716,1.0
27275,1.0
27719,1.0
29840,-1.0
25714,1.0
21837,-1.0
21042,-1.0
10427,-1.0
20132,-1.0
18952,-1.0
30399,-1.0
1908,-1.0
16029,-1.0
9703,-1.0
32321,-1.0
27801,-1.0
7113,-1.0
5781,1.0
12592,-1.0
5153,-1.0
16909,-1.0
29202,-1.0
18903,-1.0
26204,-1.0
10952,-1.0
22204,-1.0
18200,1.0
500,-1.0
3868,-1.0
30048,-1.0
1883,1.0
9241,-1.0
15481,1.0
15644,-1.0
24045,-1.0
14403,-1.0
7797,1.0
7731,-1.0
10831,-1.0
1548,-1.0
24570,1.0
31555,1.0
1317,-1.0
9356,-1.0
11639,-1.0
30735,-1.0
20140,-1.0
17628,1.0
2142,-1.0
14968,-1.0
32403,1.0
19383,-1.0
2381,-1.0
15418,-1.0
4974,-1.0
10726,-1.0
12260,-1.0
10416,-1.0
24274,-1.0
31300,-1.0
29303,1.0
25387,-1.0
18150,-1.0
20087,-1.0
32199,1.0
18014,1.0
31040,-1.0
10309,-1.0
2977,-1.0
3229,-1.0
25808,1.0
5629,1.0
17177,1.0
18953,-1.0
17705,1.0
32292,-1.0
2299,-1.0
5402,1.0
6554,1.0
12146,-1.0
25715,-1.0
2377,-1.0
13262,-1.0
13776,-1.0
28620,-1.0
13288,1.0
22349,-1.0
4802,-1.0
2261,-1.0
8019,-1.0
9218,-1.0
6967,1.0
18113,-1.0
15357,-1.0
28716,-1.0
24087,1.0
22510,-1.0
6073,1.0
23609,-1.0
25434,-1.0
8716,-1.0
18798,-1.0
12221,-1.0
15384,-1.0
1723,1.0
23474,-1.0
15800,-1.0
17159,-1.0
1064,1.0
29953,-1.0
4063,-1.0
8725,-1.0
29466,-1.0
29157,-1.0
31185,-1.0
12102,1.0
15464,-1.0
6808,-1.0
21120,-1.0
23629,-1.0
28,-1.0
27085,-1.0
23001,-1.0
12482,-1.0
13750,-1.0
6478,1.0
23631,-1.0
8985,-1.0
32264,1.0
16527,-1.0
8117,-1.0
28649,1.0
13067,1.0
4857,-1.0
12140,-1.0
6259,-1.0
30936,1.0
2163,-1.0
25338,-1.0
28623,-1.0
5508,-1.0
27588,-1.0
31641,-1.0
19922,-1.0
10385,-1.0
18709,-1.0
9430,-1.0
27836,-1.0
5940,1.0
30117,-1.0
1746,1.0
22912,-1.0
3100,-1.0
5190,-1.0
27761,-1.0
21759,-1.0
28743,-1.0
10027,-1.0
2778,-1.0
27795,-1.0
440,-1.0
18363,-1.0
19935,-1.0
8963,-1.0
13712,-1.0
20811,-1.0
17509,-1.0
22524,-1.0
10756,-1.0
26817,-1.0
18125,-1.0
2581,1.0
18698,1.0
4092,-1.0
28373,-1.0
29196,-1.0
21616,-1.0
13322,-1.0
5142,-1.0
3776,-1.0
17448,-1.0
22811,1.0
27220,1.0
6184,-1.0
30333,-1.0
13989,-1.0
19000,1.0
29366,1.0
7792,-1.0
25090,-1.0
25546,-1.0
30731,-1.0
10865,-1.0
31591,-1.0
12854,-1.0
1834,-1.0
13893,-1.0
31519,-1.0
7751,-1.0
16849,-1.0
16231,1.0
18447,-1.0
13184,-1.0
22689,-1.0
2048,-1.0
7047,-1.0
3433,-1.0
11770,-1.0
22565,-1.0
21564,1.0
10191,-1.0
30661,1.0
12139,1.0
8558,-1.0
5174,-1.0
21208,1.0
9379,-1.0
11820,-1.0
12563,-1.0
10342,-1.0
19717,-1.0
20276,-1.0
2582,-1.0
17213,-1.0
25457,-1.0
15226,-1.0
5244,-1.0
6029,-1.0
13623,1.0
16858,1.0
4358,1.0
15881,-1.0
19596,-1.0
12812,-1.0
15322,-1.0
25420,-1.0
2269,-1.0
10558,-1.0
18318,-1.0
1300,-1.0
1596,-1.0
13051,-1.0
12478,-1.0
30537,1.0
13841,-1.0
8544,-1.0
4340,-1.0
18777,-1.0
18805,-1.0
11341,-1.0
3847,-1.0
14893,-1.0
22481,-1.0
31799,1.0
18633,-1.0
13116,-1.0
7866,-1.0
28982,-1.0
14152,1.0
1378,-1.0
14240,1.0
22581,-1.0
6113,-1.0
27020,-1.0
28105,-1.0
29113,-1.0
1754,-1.0
23034,-1.0
23537,-1.0
10827,-1.0
21478,-1.0
11679,-1.0
5765,-1.0
2871,-1.0
3223,-1.0
16920,-1.0
24827,1.0
7492,-1.0
29651,-1.0
13228,-1.0
11631,-1.0
11416,-1.0
5591,-1.0
28736,-1.0
21387,-1.0
31861,-1.0
15755,-1.0
21932,-1.0
24443,-1.0
16090,-1.0
8761,-1.0
31865,-1.0
13709,-1.0
20069,-1.0
11221,1.0
30722,-1.0
26800,-1.0
31756,-1.0
15948,1.0
29507,-1.0
12831,-1.0
25924,1.0
28583,-1.0
717,-1.0
14733,-1.0
5099,-1.0
21910,-1.0
32277,-1.0
21604,-1.0
3364,-1.0
19694,1.0
17831,1.0
9669,1.0
29294,-1.0
29658,-1.0
25647,-1.0
29227,-1.0
1014,-1.0
8808,-1.0
17201,-1.0
2414,-1.0
5160,-1.0
6039,-1.0
2680,-1.0
10956,-1.0
29365,-1.0
23188,1.0
21846,-1.0
5273,-1.0
24190,-1.0
11155,-1.0
14300,1.0
27049,-1.0
7270,-1.0
13876,-1.0
2057,1.0
1653,-1.0
31000,-1.0
30108,-1.0
582,-1.0
14812,-1.0
9924,-1.0
9650,-1.0
27819,1.0
85,-1.0
21271,1.0
5524,-1.0
5000,-1.0
17551,-1.0
11635,-1.0
10714,-1.0
1879,1.0
16853,1.0
3422,-1.0
18827,-1.0
5569,-1.0
32085,1.0
3227,-1.0
7579,1.0
2537,-1.0
9266,-1.0
6232,-1.0
3327,1.0
22907,-1.0
14678,1.0
5238,-1.0
26150,1.0
5368,1.0
1040,-1.0
21155,-1.0
10490,-1.0
3038,-1.0
7983,-1.0
6917,1.0
11512,-1.0
1304,1.0
31494,-1.0
4290,1.0
13686,-1.0
12856,-1.0
31655,-1.0
658,1.0
27451,-1.0
14490,-1.0
28424,-1.0
18707,-1.0
10266,-1.0
9125,-1.0
29417,-1.0
1037,-1.0
20854,-1.0
28690,-1.0
14445,-1.0
13498,1.0
7660,-1.0
18759,1.0
29815,-1.0
4070,1.0
11962,1.0
17998,-1.0
19944,-1.0
26533,-1.0
19737,-1.0
9365,-1.0
8395,1.0
26656,-1.0
19715,-1.0
9075,-1.0
6803,1.0
17370,-1.0
24543,-1.0
17250,-1.0
21507,-1.0
27,1.0
13363,-1.0
29902,1.0
22264,1.0
6671,-1.0
16610,-1.0
18999,-1.0
14157,-1.0
16509,-1.0
5358,1.0
25032,1.0
10146,-1.0
24724,-1.0
10187,-1.0
20655,-1.0
30284,-1.0
20559,-1.0
24737,-1.0
14761,-1.0
27186,-1.0
30548,-1.0
31556,1.0
16357,-1.0
16274,-1.0
2935,-1.0
18497,-1.0
4047,-1.0
29619,-1.0
321,1.0
11821,-1.0
17351,-1.0
28469,-1.0
19238,-1.0
13578,-1.0
10347,-1.0
27662,-1.0
23924,-1.0
8381,1.0
27232,-1.0
12636,-1.0
7159,-1.0
30501,1.0
7659,-1.0
12981,1.0
20694,-1.0
22134,1.0
26200,-1.0
14881,-1.0
19080,1.0
18771,-1.0
31144,-1.0
6968,-1.0
10776,-1.0
16493,-1.0
9974,-1.0
6521,-1.0
19584,-1.0
12084,-1.0
25911,-1.0
22867,-1.0
30076,-1.0
1470,-1.0
24269,-1.0
22300,-1.0
27282,-1.0
26881,-1.0
8973,-1.0
27101,-1.0
10654,1.0
19697,-1.0
3451,1.0
23307,-1.0
11489,-1.0
13524,-1.0
23252,1.0
5292,1.0
8176,-1.0
16516,-1.0
27704,1.0
27803,-1.0
22380,-1.0
22753,-1.0
1101,1.0
635,-1.0
16555,-1.0
16995,-1.0
2777,1.0
18545,-1.0
5487,-1.0
20774,-1.0
4343,-1.0
7149,-1.0
22287,-1.0
16499,-1.0
2714,1.0
12483,-1.0
32446,-1.0
22629,-1.0
28819,-1.0
8942,-1.0
186,-1.0
5077,1.0
29297,-1.0
23996,-1.0
18133,-1.0
14261,-1.0
958,-1.0
3383,-1.0
26666,1.0
8437,-1.0
21362,-1.0
11761,1.0
22982,1.0
24146,1.0
13972,1.0
10485,1.0
4483,1.0
28560,-1.0
9944,1.0
8750,-1.0
22720,-1.0
11966,-1.0
28392,-1.0
17950,-1.0
4232,-1.0
18714,-1.0
30420,-1.0
2994,-1.0
30648,-1.0
15081,-1.0
29027,-1.0
6513,-1.0
28642,-1.0
20339,1.0
9305,-1.0
14640,1.0
14724,-1.0
28820,1.0
4820,-1.0
21933,1.0
9475,-1.0
15561,-1.0
15548,-1.0
9020,1.0
6485,-1.0
22347,-1.0
18211,-1.0
14738,-1.0
18501,-1.0
4249,1.0
17745,-1.0
8423,1.0
29192,1.0
1956,-1.0
12261,-1.0
26739,-1.0
12510,-1.0
15330,1.0
26876,1.0
17941,-1.0
26324,1.0
3997,-1.0
562,-1.0
17706,-1.0
25837,1.0
2455,-1.0
21456,1.0
4421,-1.0
16455,-1.0
19807,-1.0
518,-1.0
19560,-1.0
20122,-1.0
16210,-1.0
30319,-1.0
9019,-1.0
3955,-1.0
27503,-1.0
1042,-1.0
29495,-1.0
25168,-1.0
10176,-1.0
25497,-1.0
12902,1.0
16044,-1.0
13252,-1.0
22633,-1.0
15916,-1.0
28594,-1.0
9933,1.0
14604,1.0
2835,-1.0
2847,-1.0
4357,1.0
27860,-1.0
15321,-1.0
27508,-1.0
22071,-1.0
4184,-1.0
568,-1.0
18273,-1.0
26745,-1.0
16689,1.0
15677,-1.0
1901,-1.0
4911,-1.0
30343,-1.0
711,-1.0
11482,-1.0
30072,-1.0
23418,-1.0
30473,-1.0
21707,1.0
32008,-1.0
7764,-1.0
22679,-1.0
32103,-1.0
5359,-1.0
24157,-1.0
11834,-1.0
27151,-1.0
9891,1.0
29138,1.0
344,1.0
7585,-1.0
3896,-1.0
8363,1.0
22117,-1.0
7994,-1.0
16852,-1.0
26352,-1.0
7222,-1.0
1685,-1.0
17369,-1.0
18563,-1.0
4120,-1.0
30395,-1.0
5065,-1.0
6957,1.0
26211,-1.0
10722,-1.0
9713,1.0
29176,-1.0
3578,1.0
9903,1.0
27443,-1.0
22728,-1.0
12826,-1.0
19079,-1.0
3788,-1.0
9073,1.0
28673,-1.0
3782,-1.0
9185,1.0
3946,-1.0
19163,-1.0
11,-1.0
20876,-1.0
1534,1.0
11194,-1.0
25394,-1.0
27106,-1.0
24155,-1.0
7662,1.0
6386,-1.0
26935,-1.0
26898,-1.0
27329,-1.0
21146,-1.0
18347,-1.0
12131,-1.0
1206,1.0
8932,1.0
1589,-1.0
4805,1.0
25899,-1.0
1801,-1.0
12176,1.0
12943,-1.0
1971,-1.0
22274,1.0
17260,-1.0
17145,-1.0
22742,1.0
11275,-1.0
3912,-1.0
21466,-1.0
23657,1.0
25018,-1.0
12767,1.0
28115,-1.0
28769,-1.0
12925,-1.0
32256,-1.0
16926,-1.0
19276,1.0
2769,-1.0
30191,-1.0
29522,-1.0
20845,-1.0
32230,-1.0
29517,-1.0
32347,1.0
22381,-1.0
23290,-1.0
11882,-1.0
19593,-1.0
24825,-1.0
8678,-1.0
808,1.0
22819,-1.0
32294,-1.0
19365,1.0
30352,-1.0
1248,-1.0
13280,1.0
31925,1.0
23663,-1.0
5483,-1.0
25427,-1.0
17438,-1.0
477,1.0
17993,-1.0
4174,-1.0
16220,-1.0
1266,-1.0
23690,-1.0
23416,-1.0
6612,-1.0
1946,-1.0
15157,-1.0
2892,-1.0
31283,-1.0
19086,-1.0
15840,-1.0
20731,1.0
12642,-1.0
16536,-1.0
2338,1.0
20210,-1.0
13342,-1.0
29528,-1.0
21279,-1.0
9036,-1.0
6323,-1.0
10116,1.0
24061,-1.0
20156,-1.0
10402,-1.0
23176,1.0
23533,-1.0
6735,1.0
5799,-1.0
4804,1.0
7796,-1.0
9154,-1.0
4696,-1.0
20332,1.0
4234,-1.0
3968,-1.0
21059,1.0
17747,-1.0
31086,-1.0
15619,-1.0
18664,-1.0
18812,-1.0
7724,-1.0
16948,-1.0
17839,-1.0
11134,1.0
10985,-1.0
14128,-1.0
623,-1.0
1885,-1.0
11699,1.0
13127,-1.0
5009,1.0
2343,-1.0
31498,-1.0
19589,-1.0
12264,-1.0
23203,-1.0
7120,-1.0
26661,-1.0
7591,-1.0
25379,-1.0
5036,-1.0
25923,-1.0
1923,1.0
5690,-1.0
30375,-1.0
9835,-1.0
31607,1.0
30858,-1.0
23708,-1.0
21091,-1.0
10325,-1.0
12454,-1.0
3131,1.0
11244,-1.0
3710,-1.0
18570,1.0
30984,1.0
14927,-1.0
13368,-1.0
24679,-1.0
8764,-1.0
26937,-1.0
14037,-1.0
19252,1.0
31387,-1.0
10556,-1.0
21610,1.0
12276,1.0
12715,-1.0
24453,-1.0
20773,-1.0
30598,-1.0
7043,-1.0
1315,-1.0
6590,-1.0
11739,1.0
17527,-1.0
20024,-1.0
20086,-1.0
26978,1.0
12769,-1.0
4188,-1.0
24838,1.0
8640,-1.0
23230,-1.0
12290,1.0
7244,-1.0
4711,-1.0
19572,-1.0
7612,1.0
13756,1.0
8007,-1.0
7905,-1.0
10362,-1.0
15982,-1.0
26640,-1.0
4478,1.0
314,-1.0
31041,-1.0
12417,-1.0
14742,-1.0
725,1.0
19095,-1.0
29879,-1.0
16535,-1.0
4333,-1.0
31286,-1.0
27752,-1.0
4388,-1.0
729,1.0
